Name,Date,Latitude,Longitude,Precipitation,Wind Gust,Cloud Cover,Relative Humidity,Solar Energy,PDSI,NDVI,Elevation,Slope,Wildfire_Scale_Acres_Normalized,Wildfire_Scale_Acres_Quantiles,Wildfire_Scale_Acres_NWCG
IronGate Fire,2019-06-16,41.94622,-122.40157,0.0,25.3,1.0,33.43,35.5,-1.5299997329711914,3881.0,795,1.246815204620361,1,1,B
Bikeway Fire,2019-07-05,37.469,-121.3697,0.0,12.8,1.5,45.12,30.8,2.479999542236328,4119.0,747,20.54721641540528,1,1,B
Snowstorm Fire,2019-07-05,40.679318,-120.392768,0.0,12.8,2.6,35.66,28.4,5.549999237060547,3226.0,1556,4.4348626136779785,1,4,C
Hollow Fire,2019-07-03,37.63206,-121.538382,0.0,24.2,3.8,61.34,31.3,2.6000003814697266,1862.0,195,6.562916278839111,1,4,C
Merced Fire ,2019-06-29,37.312877,-120.242411,0.0,51.7,0.0,44.68,31.0,1.5499992370605469,2375.0,93,0.9274099469184875,1,4,C
Coyote Fire,2019-07-02,37.18904,-121.694968,0.0,28.9,25.2,71.35,27.3,1.8799991607666016,4723.0,102,3.6090104579925537,1,2,B
Fellow Fire,2019-07-05,37.99837,-122.16201,0.0,20.8,8.3,54.9,29.4,2.389999389648437,5858.0,95,8.695247650146484,1,1,B
Ranch Fire,2019-07-05,40.41741,-122.767256,0.0,16.1,0.0,37.03,26.3,1.479999542236328,3568.0,421,9.653480529785156,1,1,B
Far Fire,2019-07-06,39.06066,-121.35014,0.0,9.4,1.4,46.11,36.5,3.659999847412109,3194.0,51,1.5119398832321167,1,2,B
Sargent Fire,2019-07-09,35.95191,-120.8092,0.0,25.3,26.6,64.2,27.7,2.059999465942383,2315.0,258,6.512691020965576,1,3,C
Gibbel Fire ,2019-07-11,33.69055556,-116.953889,0.0,12.9,0.4,45.05,28.5,2.5799999237060547,2410.0,514,1.854334115982056,1,1,B
Orange fire,2019-07-13,33.8128372,-117.1228851,0.0,20.6,1.7,50.18,29.2,2.680000305175781,2242.0,474,2.416167020797729,1,3,B
Lake Fire,2019-07-08,37.524378,-120.296551,0.0,16.1,0.0,52.09,30.6,2.729999542236328,2869.0,134,0.0,1,4,C
Mid Fire,2019-07-12,37.093243,-121.586846,0.0,12.8,19.7,71.8,28.9,2.940000534057617,3956.0,91,2.972079277038574,1,1,B
Aborn Fire,2019-07-15,37.32555556,-121.76444444,0.0,16.8,7.4,63.07,28.2,2.190000534057617,2963.0,170,7.870835781097412,1,2,B
South Fire ,2019-07-14,34.366111,-118.96,0.0,11.1,68.8,83.44,17.2,1.8400001525878904,4200.0,109,0.9274099469184875,1,3,C
Border Fire,2019-07-12,32.566389,-116.7525,0.0,11.2,45.3,81.18,28.1,2.540000915527344,3446.0,179,2.3871102333068848,1,3,C
Horse Fire,2019-07-12,40.463936,-122.435492,0.0,14.8,0.0,38.5,28.8,2.049999237060547,4568.0,240,5.22479772567749,1,1,B
Milton Fire ,2019-07-15,37.944751,-120.84372,0.0,33.3,0.0,36.66,27.5,2.489999771118164,2576.0,73,3.885955810546875,1,4,C
Madera Fire ,2019-07-15,37.016944,-119.934167,0.0,17.2,1.5,42.84,28.7,2.0799999237060547,2931.0,111,2.187607288360596,1,4,C
Lincoln Fire,2019-07-12,33.56938,-116.07896,0.0,23.0,4.2,19.57,24.4,0.7399997711181641,1576.0,-59,1.4485986232757568,1,2,B
Meadow Fire,2019-07-16,33.514658,-116.7884,0.0,32.2,2.1,34.31,28.6,2.209999084472656,2876.0,1047,1.112301230430603,1,3,B
Whiskey Fire,2019-07-16,37.962557,-121.468074,0.0,29.8,0.0,48.63,26.6,2.049999237060547,6576.0,-2,4.384542465209961,1,3,B
Rains Fire,2019-07-18,37.420988,-121.371276,0.0,21.9,13.5,56.01,30.3,2.639999389648437,4024.0,352,11.555886268615724,1,2,B
Vista Fire,2019-07-17,32.794768,-116.839743,0.0,19.7,45.0,73.71,27.2,2.899999618530273,3383.0,216,7.801877498626709,1,1,B
Whiskey Fire,2019-07-18,38.115224,-120.78068,0.0,23.0,0.3,46.3,13.6,2.059999465942383,4556.0,235,13.817927360534668,1,1,B
Thompson Fire ,2019-07-24,35.004722,-120.435278,0.0,25.3,4.1,72.97,23.8,2.6299991607666016,3354.0,95,0.9274099469184875,1,3,B
Valley Fire,2019-07-21,37.241427,-120.027731,0.0,7.9,2.7,48.24,29.1,2.9099998474121094,2558.0,223,10.370721817016602,1,3,C
Tejon Fire,2019-07-21,34.9008333,-118.9183333,0.0,20.8,0.0,40.79,28.7,2.5,3861.0,915,60.44668197631836,1,4,C
Moms Fire ,2019-07-23,39.423833,-121.579738,0.0,17.3,0.2,36.86,52.3,2.3799991607666016,3685.0,35,1.5168406963348389,1,1,B
Milpas Fire,2019-07-22,34.42386,-117.10318,0.03,15.1,35.5,47.99,17.2,-0.0399999618530273,1887.0,1055,4.330045223236084,1,3,B
Star Fire,2019-07-28,33.997528,-117.769766,0.0,23.0,30.7,53.68,24.9,1.729999542236328,3759.0,327,10.332427978515623,1,3,C
Carson Fire,2019-07-30,38.757636,-120.75664,0.0,19.7,0.0,31.37,25.8,2.729999542236328,6114.0,719,12.893977165222168,1,1,B
Dehesa Fire,2019-07-28,32.767649,-116.796032,0.0,18.3,31.1,72.35,24.9,2.799999237060547,5326.0,366,27.381139755249023,1,3,C
Sweigert Fire ,2019-07-24,37.433192,-121.807258,0.0,13.6,14.2,53.7,27.4,2.5,6852.0,514,18.748340606689453,1,2,B
Marshview Fire,2019-07-24,38.158333,-122.118889,0.0,13.7,0.0,49.17,28.0,3.0799999237060547,3707.0,43,12.75987720489502,1,3,C
Canyon Fire,2019-07-22,38.481258,-122.143942,0.0,16.1,0.0,49.25,29.7,2.489999771118164,6116.0,390,22.191293716430664,1,2,B
Prairie Fire ,2019-08-02,38.622058,-121.114095,0.0,12.8,0.0,45.62,26.4,1.979999542236328,2570.0,118,5.195625305175781,1,2,B
Browns Fire,2019-08-02,38.3525,-121.123611,0.0,16.1,0.0,53.84,27.6,1.7999992370605469,3972.0,46,3.6471023559570312,1,3,B
Mesa Fire ,2019-07-31,35.60989,-118.41204,0.0,26.4,2.1,23.37,28.5,3.6200008392333984,2426.0,994,6.478381633758545,1,4,D
Toro Fire ,2019-08-05,33.740219,-117.333728,0.0,21.9,0.0,41.9,25.3,2.25,2041.0,599,30.0556697845459,1,3,B
Caliente Fire,2019-08-05,35.287373,-118.623651,0.0,23.0,0.0,33.39,28.0,2.8700008392333984,2651.0,416,11.48390769958496,1,1,B
Gilbert Fire,2019-08-04,40.55924,-122.25409,0.0,23.0,0.0,33.1,27.6,1.9099998474121087,4137.0,177,9.580551147460938,1,1,B
W1 McDonald Fire,2019-08-08,40.943799,-120.275298,0.0,27.7,5.2,32.36,28.6,3.3600006103515625,2562.0,1678,3.074680805206299,1,5,E
Harte Fire,2019-08-09,37.708743,-121.841879,0.0,17.2,2.6,62.83,25.7,2.4200000762939453,2676.0,135,3.884828805923462,1,4,C
Preston Fire,2019-08-08,37.949747,-120.420058,0.0,32.2,3.1,42.93,24.4,1.2999992370605469,4588.0,438,2.9930572509765625,1,1,B
Heavy Range Fire,2019-08-10,39.171091,-121.423281,0.0,18.3,12.4,59.45,20.0,2.639999389648437,2609.0,52,3.701814651489258,1,1,B
Radio Fire,2019-08-12,33.909792,-117.004667,0.0,18.3,0.0,54.58,26.4,2.260000228881836,3033.0,804,2.164592027664185,1,1,B
Greenstone Fire ,2019-08-14,38.703889,-120.890556,0.0,18.3,0.0,28.46,23.3,1.489999771118164,5859.0,452,9.269031524658203,1,1,B
Spring Fire ,2019-08-14,39.088333,-122.309167,0.0,6.6,0.5,42.04,28.0,1.8700008392333984,3669.0,255,8.356167793273926,1,1,B
West Fire ,2019-08-13,34.675542,-118.342239,0.0,24.2,0.0,25.32,27.3,1.6399993896484375,2848.0,842,4.761630058288574,1,3,C
Patterson Fire,2019-08-15,38.652475,-120.826165,0.0,13.9,0.0,24.76,24.3,2.510000228881836,6387.0,358,2.373934268951416,1,2,B
Bayliss Fire,2019-08-15,37.219717,-121.761974,0.0,27.7,1.3,48.92,25.5,1.950000762939453,3602.0,67,0.9274099469184875,1,2,B
Timm Fire ,2019-08-13,38.455,-121.969167,0.0,9.1,0.0,45.26,24.2,3.09000015258789,2677.0,46,1.5039868354797363,1,3,B
Golf Fire,2019-08-08,38.99174,-122.7751,0.0,17.2,7.8,63.1,27.1,1.2800006866455078,7207.0,920,31.324447631835938,1,1,B
Lower Fire,2019-08-12,40.46968,-122.54364,0.0,10.1,0.0,38.56,25.9,1.5,3606.0,324,3.7678685188293457,1,2,B
Border 9 Fire,2019-08-15,32.57394,-116.760465,0.0,19.7,44.3,79.56,27.2,2.09000015258789,3156.0,198,14.101288795471191,1,2,B
Border 8 Fire,2019-08-16,32.573437,-116.658735,0.0,20.8,58.1,78.66,26.1,1.7999992370605469,1508.0,581,4.309768199920654,1,5,E
Cottage Fire,2019-08-15,40.484329,-122.159393,0.0,20.8,0.0,29.36,25.8,1.739999771118164,2486.0,167,2.437415599822998,1,3,C
Moose Fire,2019-08-12,39.005262,-123.195306,0.0,20.7,0.0,47.24,23.2,1.4500007629394531,5888.0,384,28.05200386047364,1,4,C
Patterson Fire,2019-08-21,37.71734,-121.55867,0.0,14.5,2.4,61.9,19.8,1.8700008392333984,1915.0,159,15.994112014770508,1,3,C
Ward Fire,2019-08-09,42.033,-122.175,0.02,28.6,25.2,54.1,22.2,-1.6000003814697266,3080.0,1120,8.72204303741455,1,5,E
Yucca Fire,2019-08-22,33.4506,-116.857817,0.0,20.8,11.0,57.34,27.3,2.3600006103515625,2673.0,652,4.43757438659668,1,1,B
Ivy Fire,2019-08-25,33.77777348,-117.487578,0.0,25.4,1.2,54.81,23.1,2.389999389648437,2569.0,306,1.4506725072860718,1,2,B
Jamieson Fire,2019-08-25,37.034183,-121.45597,0.0,30.0,17.4,74.81,25.9,1.6599998474121094,3360.0,300,3.881692886352539,1,2,B
Sage Fire,2019-08-27,33.463991,-116.914799,0.0,17.2,11.0,53.57,26.9,1.920000076293945,2323.0,517,4.807207107543945,1,1,B
Long Valley Fire ,2019-08-24,39.892222,-120.029722,0.0,33.3,5.3,38.9,23.3,1.7900009155273438,2290.0,1413,6.624269485473633,1,5,E
Border 10 Fire,2019-08-25,32.557546,-116.873955,0.0,18.3,4.6,62.55,22.7,2.1599998474121094,2234.0,311,27.38217735290528,1,1,B
Carroll Fire,2019-08-31,37.718636,-121.657011,0.0,12.9,0.0,54.8,25.9,2.3700008392333984,2158.0,316,8.983930587768555,1,1,B
Jolon Fire,2019-09-01,35.906482,-120.992914,0.0,16.1,0.0,38.37,23.8,1.6800003051757812,2725.0,353,6.339735507965088,1,2,B
Mines Fire,2019-09-02,37.545167,-121.596667,0.0,20.8,9.7,60.77,24.3,1.2099990844726562,3913.0,941,18.3922176361084,1,1,B
Creek Fire,2019-08-31,36.40193,-119.030621,0.0,8.1,0.0,49.72,16.7,2.389999389648437,3165.0,194,23.80778312683105,1,5,D
Antelope Fire,2019-09-02,36.600167,-120.8405,0.0,18.3,0.0,57.06,12.0,-1.010000228881836,2064.0,382,1.481204867362976,1,3,C
Foster Fire ,2019-09-04,36.732866,-121.39478,0.0,18.4,7.9,68.25,20.1,1.3600006103515625,4973.0,317,5.385144233703613,1,1,B
Glass Fire,2019-09-04,38.910498,-122.642572,0.0,17.2,21.4,60.77,22.1,2.059999465942383,5927.0,480,12.975425720214844,1,1,B
Telephone Fire,2019-09-02,34.353667,-117.343833,0.01,23.0,29.0,48.52,20.2,1.729999542236328,2532.0,1080,4.329072952270508,1,1,B
Deer Fire,2019-09-03,37.178353,-122.07743,0.0,13.0,19.7,72.6,16.7,1.2199993133544922,8313.0,383,31.443395614624023,1,1,B
Oak Fire,2019-09-07,38.955024,-122.833831,0.0,29.9,21.6,70.35,20.6,2.25,4066.0,438,6.551979064941406,1,2,B
Country Fire,2019-09-03,38.898915,-120.946657,0.0,7.1,0.3,34.46,22.1,1.7099990844726562,5759.0,505,6.57193660736084,1,3,B
Flood Fire ,2019-09-05,38.017138,-120.945044,0.0,17.2,0.0,42.67,10.8,1.9300003051757808,2562.0,63,3.5273616313934326,1,2,B
Bailey Fire,2019-09-10,33.496633,-116.631106,0.0,28.8,9.2,38.86,20.6,1.3999996185302734,2891.0,1179,5.129598140716553,1,1,B
Duzel Fire,2019-09-07,41.512917,-122.740333,0.0,27.7,2.8,44.41,17.8,-0.630000114440918,5344.0,1575,20.12681770324707,1,1,B
Stuhr Fire ,2019-09-11,37.32585,-121.110146,0.0,18.3,0.0,55.72,18.3,1.170000076293945,2452.0,56,7.3349833488464355,1,3,C
Redwood Fire,2019-09-12,33.854597,-117.270144,0.0,22.4,0.0,55.98,21.5,1.8600006103515625,2258.0,490,1.854334115982056,1,1,B
Forbestown Fire,2019-09-06,39.470333,-121.412333,0.0,11.7,0.2,46.86,45.7,1.5300006866455078,3209.0,584,3.671440124511719,1,2,B
Bridge Fire,2019-09-13,37.492002,-120.401028,0.0,9.3,1.3,45.99,20.7,1.6900005340576172,2328.0,99,0.9274099469184875,1,1,B
McMurray Fire,2019-09-09,34.630919,-120.187368,0.0,27.1,31.3,78.32,23.2,1.8799991607666016,4388.0,135,5.007071018218994,1,4,C
Kennedy Fire,2019-09-21,33.900994,-117.170588,0.0,19.7,0.0,55.69,22.2,1.3199996948242188,3283.0,495,6.217269420623779,1,3,B
Lynette Fire,2019-09-22,38.20177,-120.827386,0.0,8.7,5.2,44.8,8.7,2.059999465942383,3113.0,216,2.999418497085572,1,2,B
Cow Fire,2019-09-24,40.612556,-122.039167,0.0,34.5,0.0,29.23,15.9,1.6599998474121094,5457.0,361,2.442085266113281,1,1,B
Reservoir Fire,2019-09-21,37.467744,-121.842751,0.0,25.3,5.5,48.97,21.2,1.229999542236328,3942.0,497,25.14748954772949,1,3,C
Tulloch Fire,2019-09-23,37.838333,-120.625556,0.0,20.8,3.4,48.89,19.4,1.6200008392333984,3003.0,171,12.832157135009766,1,3,B
Electra Fire,2019-09-25,38.332083,-120.67131,0.0,5.8,0.0,43.38,19.1,2.209999084472656,5320.0,243,10.3585205078125,1,1,B
Willow Fire,2019-09-25,32.87833333,-116.88,0.0,19.7,30.0,66.36,18.8,1.8999996185302728,3348.0,143,8.461065292358398,1,2,B
Meadow Fire (Not a CAL FIRE incident),2019-08-02,41.43783,-120.23976,0.0,17.2,0.0,33.81,30.4,1.8199996948242188,6415.0,2180,13.262836456298828,1,3,C
Sycamore Fire,2019-09-07,33.9369,-117.3063,0.0,22.8,0.0,45.59,21.1,1.520000457763672,930.0,473,1.452272891998291,1,4,C
Rams Horn Fire,2019-09-07,41.150392,-122.634108,0.0,27.7,3.4,44.04,21.1,1.579999923706055,6273.0,1040,18.519874572753903,1,4,C
R-6 Fire,2019-09-06,44.734,-120.606,0.01,16.1,13.1,66.78,18.9,2.889999389648437,2509.0,1178,9.028006553649902,1,4,C
Broder Fire,2019-09-06,36.151,-118.185,0.0,17.2,5.5,36.49,26.5,0.8500003814697266,5419.0,2478,24.874643325805664,1,4,D
Lone Fire,2019-09-06,41.748,-121.056,0.0,24.2,7.9,53.27,23.3,1.2000007629394531,1927.0,1413,1.550642490386963,1,5,F
Henthorne Fire,2019-09-05,40.062304,-123.222196,0.0,6.9,28.8,55.95,22.7,-0.7299995422363281,7577.0,1161,11.24413013458252,1,4,C
Snail Fire,2019-09-01,34.71011,-119.3547,0.0,23.0,23.8,53.56,24.2,1.8999996185302728,2665.0,1117,3.704791784286499,1,4,C
R-1 Fire,2019-08-28,40.593,-120.581,0.0,16.1,3.0,35.49,23.3,2.34000015258789,2218.0,1582,14.349336624145508,1,5,E
Horse Fire,2019-08-24,40.562,-120.544,0.0,16.1,0.0,40.55,25.0,2.510000228881836,2746.0,1614,3.772727489471436,1,3,C
R-1 Fire,2019-08-07,40.886677,-120.336977,0.0,25.3,9.2,30.58,25.6,4.040000915527344,1703.0,1627,3.038081645965576,1,3,C
Sellers Fire,2019-08-07,37.968494,-121.678172,0.0,32.8,0.4,60.27,16.6,2.680000305175781,2788.0,8,3.63910174369812,1,2,B
Five Fire,2019-08-03,34.677864,-118.752395,0.0,29.8,0.0,26.96,22.2,1.510000228881836,3981.0,1017,9.56906795501709,1,3,C
Caliente Fire,2019-08-01,32.575556,-117.026667,0.0,18.3,47.1,84.39,26.4,1.4599990844726562,2781.0,135,15.28495979309082,1,4,D
Mill Fire,2019-07-30,36.008889,-121.466944,0.0,23.0,77.4,74.53,31.6,1.1399993896484375,5196.0,889,24.89931869506836,1,4,C
Range Fire,2019-07-28,34.665699,-119.94974,0.0,21.9,20.6,66.75,27.6,1.1800003051757812,3418.0,449,15.02177619934082,1,3,C
Tucker Fire,2019-07-28,41.79591,-121.260305,0.0,23.0,3.1,43.22,26.5,1.6900005340576172,3180.0,1576,3.0450613498687744,1,5,F
Goose 2 Fire,2019-07-17,41.909,-120.306,0.0,20.8,1.8,48.94,42.1,1.8500003814697263,3830.0,1548,6.274861812591553,1,3,C
Doyle Fire,2019-07-14,40.072739,-120.158273,0.0,30.0,2.8,24.87,32.1,3.290000915527344,3804.0,1283,2.214751482009888,1,4,C
Jasper Fire,2019-07-13,39.631945,-119.769881,0.0,27.3,3.0,27.15,29.0,2.1599998474121094,1672.0,1555,3.037248373031616,1,5,E
Warren Fire,2019-09-30,33.703546,-117.033598,0.0,19.4,8.8,68.12,20.5,1.170000076293945,3365.0,460,4.545393466949463,1,1,B
Chaparral Fire,2019-09-29,38.538467,-120.965105,0.04,26.4,11.5,63.72,18.1,1.489999771118164,3956.0,197,3.671184062957764,1,1,B
Frame Fire,2019-09-30,36.154184,-120.634179,0.0,35.6,10.6,53.56,13.1,-0.0399999618530273,4015.0,602,1.148541808128357,1,1,B
Dehesa Fire ,2019-09-24,32.787656,-116.806941,0.0,19.7,3.0,63.87,19.8,2.040000915527344,4392.0,434,4.500175476074219,1,4,C
Hwy Fire,2019-09-28,39.622137,-121.693472,0.0,27.7,45.6,58.9,34.9,1.9400005340576167,2438.0,64,4.805173397064209,1,4,D
Bar Fire,2019-09-15,41.749667,-123.000833,0.11,30.6,20.1,49.3,19.3,-1.130000114440918,7188.0,648,11.026988983154297,1,3,B
Mountain Fire,2019-08-22,40.715556,-122.241944,0.0,27.0,1.8,33.3,22.0,1.520000457763672,4624.0,284,1.5350843667984009,1,4,D
Gaines Fire,2019-08-16,37.536069,-120.177018,0.0,8.7,0.0,42.3,26.1,1.8400001525878904,2591.0,446,4.469164848327637,1,5,E
La Barisa Fire,2019-08-03,34.202883,-116.4449,0.0,27.7,17.7,17.46,27.9,3.09000015258789,2057.0,1101,1.4549767971038818,1,1,B
Community Fire,2019-07-27,41.838,-122.845,0.0,23.0,45.7,35.25,25.8,-1.5900001525878906,4504.0,662,14.896361351013184,1,2,B
Tree Fire,2019-07-27,41.834366,-122.656569,0.0,23.0,47.3,34.14,25.8,-1.7799997329711914,3012.0,790,22.061582565307617,1,3,B
Mare Fire,2019-09-26,38.07944444,-122.25611111,0.0,26.4,2.9,65.7,19.2,2.229999542236328,4310.0,37,6.569548606872559,1,1,B
Del Fire,2019-10-03,37.429506,-121.336465,0.0,13.6,1.3,50.84,20.5,1.969999313354492,3759.0,310,17.202905654907227,1,1,B
Wilson Fire,2019-10-04,39.613783,-123.458782,0.0,21.9,0.0,49.79,17.5,1.6200008392333984,6785.0,470,19.953271865844727,1,1,B
Point Fire ,2019-10-07,37.066483,-121.219163,0.0,24.2,0.0,38.38,18.6,1.3500003814697266,3047.0,413,4.769857883453369,1,1,B
Dales Fire,2019-10-07,40.314187,-122.070055,0.0,7.8,0.4,34.79,15.3,1.3500003814697266,4973.0,191,1.5292742252349854,1,1,B
Inghram Fire,2019-10-09,39.847708,-122.160416,0.0,39.8,0.0,18.96,18.6,2.25,3262.0,67,3.030580282211304,1,1,B
Corning Fire ,2019-10-09,39.847708,-122.1604,0.0,39.8,0.0,18.96,18.6,2.25,3262.0,67,2.7802884578704834,1,2,B
Little Fire,2019-10-08,37.606,-121.853,0.0,13.4,3.6,41.97,17.9,1.6900005340576172,2884.0,126,7.2344651222229,1,1,B
American Fire,2019-10-06,38.165873,-122.211671,0.0,20.8,0.0,45.15,18.1,2.049999237060547,2992.0,86,2.533456325531006,1,4,D
Eagle Fire,2019-10-10,33.827979,-117.499619,0.0,36.7,33.2,40.42,19.2,1.6299991607666016,2645.0,256,1.451176643371582,1,1,A
Plains Fire,2019-10-10,40.4988,-122.19911,0.0,38.0,0.0,11.93,17.6,1.8600006103515625,2140.0,156,1.53193199634552,1,2,B
Cross Fire,2019-10-09,35.79069,-120.73102,0.0,32.2,10.6,55.42,19.1,0.9700002670288086,2423.0,185,7.751732349395752,1,4,C
Bitter Fire,2019-10-11,35.709176,-120.312856,0.0,25.3,5.7,26.11,17.7,1.1499996185302734,2302.0,353,5.8649516105651855,1,1,B
Merrill Fire,2019-10-10,37.828267,-122.103867,0.0,28.2,13.5,25.87,16.4,1.739999771118164,6541.0,221,7.735383033752441,1,2,B
Wolf Fire,2019-10-10,33.8615,-116.897333,0.0,27.7,12.4,27.93,21.6,1.3199996948242188,3272.0,894,12.047203063964844,1,2,B
Reche Fire,2019-10-10,33.975405,-117.207068,0.0,37.0,27.7,46.28,18.5,1.0699996948242188,2890.0,742,3.868992567062378,1,4,D
Olivas Fire,2019-10-11,34.23955,-119.20187,0.0,34.7,0.8,14.09,20.6,1.479999542236328,4621.0,18,1.455352783203125,1,4,C
Wendy Fire,2019-10-10,34.156389,-118.950833,0.0,40.2,29.2,38.2,19.4,-0.0500001907348632,3289.0,257,4.840348243713379,1,3,B
Nustar Fire,2019-10-15,38.045866,-122.245186,0.0,8.5,15.8,68.08,14.1,1.6000003814697266,2669.0,16,2.995473623275757,1,1,B
Fairmont Fire,2019-10-15,32.762706,-117.097441,0.0,18.3,13.3,72.81,11.2,2.0799999237060547,3574.0,80,4.774826049804688,1,1,B
Horse Fire,2019-10-13,40.387772,-120.304341,0.0,12.8,0.0,46.05,14.6,4.799999237060547,2634.0,1242,1.5303300619125366,1,2,B
Mud Fire ,2019-10-18,36.319291,-120.460189,0.0,24.2,10.2,54.53,18.4,-0.0600004196166992,4510.0,1156,27.29451370239257,1,3,C
Real Fire,2019-10-17,34.484722,-120.190833,0.0,28.7,24.7,71.22,18.3,0.7399997711181641,5185.0,201,8.975253105163574,1,4,D
Briceburg Fire,2019-10-06,37.604638,-119.96606,0.0,6.0,0.0,49.5,18.3,1.170000076293945,4583.0,361,12.747928619384766,1,5,F
Beaumont Fire,2019-10-21,34.033117,-117.21545,0.0,28.1,0.6,23.9,17.9,1.1399993896484375,2653.0,410,4.759616374969482,1,1,B
Walker Fire,2019-09-04,40.061389,-120.680556,0.0,19.7,1.6,45.26,15.3,1.0499992370605469,5089.0,1153,12.028453826904297,1,5,F
Bautista Fire,2019-09-15,33.635,-116.801111,0.0,18.3,0.2,26.15,21.5,1.6499996185302734,4726.0,899,10.612756729125977,1,3,C
Kidder 2 Fire,2019-09-07,41.4929742,-123.2129356,0.0,27.7,2.8,44.29,17.3,1.2000007629394531,8558.0,1236,34.91497039794922,1,4,C
Springs Fire,2019-09-06,37.826,-118.872,0.0,24.4,8.5,53.35,20.5,1.4400005340576172,4872.0,2660,3.0172998905181885,1,5,E
Lime Fire,2019-09-07,41.862237,-122.662258,0.0,27.7,3.0,45.93,19.5,-0.9099998474121094,4925.0,903,13.912500381469728,1,5,E
Lopez Fire,2019-09-21,35.214364,-120.455883,0.0,23.0,0.0,45.75,15.9,1.260000228881836,5440.0,172,4.34126091003418,1,4,C
Ranch Fire,2019-10-01,35.189783,-120.1755,0.0,34.3,0.0,59.02,20.1,1.5699996948242188,3305.0,493,5.730588436126709,1,2,B
Nelson Fire ,2019-10-24,39.551423,-121.800538,0.0,24.2,4.5,19.29,31.3,1.7199993133544922,2162.0,34,2.7802884578704834,1,2,B
Grant Fire,2018-05-30,37.75375,-121.57918,0.0,34.1,17.1,66.47,29.9,-2.260000228881836,2352.0,89,5.438868522644043,1,4,D
Stoll Fire,2018-06-23,40.18395,-122.27574,0.0,36.8,11.4,18.11,27.7,-3.310000419616699,2602.0,125,6.117269515991211,1,4,C
Creek Fire,2018-06-21,35.05747,-120.39295,0.0,13.8,37.2,78.39,24.1,-2.180000305175781,4515.0,280,5.660632610321045,1,1,B
Horse Fire,2018-06-24,37.95766,-120.68902,0.0,18.3,0.0,39.24,29.2,-1.390000343322754,4212.0,279,4.384461879730225,1,2,B
Klamathon Fire,2018-07-05,41.893332,-122.534655,0.0,33.1,1.0,32.34,29.0,-3.5299997329711914,4550.0,638,3.732637643814087,1,5,F
Holiday Fire,2018-07-06,34.463889,-119.831389,0.0,26.4,9.7,56.5,29.7,-2.609999656677246,4029.0,88,5.002542972564697,1,3,C
West Fire,2018-07-06,32.833674,-116.7311,0.0,27.7,4.6,39.4,17.5,-3.4200000762939453,3557.0,657,2.7802884578704834,1,4,D
Spring 2 Fire,2018-07-09,39.06715,-122.59789,0.0,19.7,0.0,36.01,29.3,-2.239999771118164,3549.0,363,3.0252556800842285,1,2,B
Carder Fire,2018-07-21,38.91152,-122.86854,0.0,19.7,14.9,54.22,27.9,-1.579999923706055,5491.0,503,3.02422308921814,1,2,B
Marsh Fire,2018-07-25,37.89612,-121.85847,0.0,20.8,4.5,49.87,30.3,-1.6899995803833008,4096.0,198,9.36018180847168,1,4,C
Steele Fire,2018-07-28,38.51943,-122.18353,0.0,34.4,19.4,55.19,27.5,-3.1599998474121094,4963.0,218,17.420202255249023,1,3,C
Omega Fire,2018-08-01,38.82128,-121.03918,0.0,7.2,6.9,32.75,29.4,-0.7200002670288086,5248.0,387,10.591758728027344,1,2,B
Wagner Fire,2018-08-04,37.69965,-120.0545,0.0,24.7,14.1,48.87,26.7,-0.6899995803833008,5942.0,703,28.94524955749512,1,1,B
Holy Fire,2018-08-06,33.69888,-117.52055,0.0,23.0,16.3,45.35,23.7,-3.270000457763672,5954.0,915,32.16620635986328,1,5,F
Delta Fire,2018-09-05,40.9425,-122.43,0.0,20.8,0.0,35.85,24.6,-3.4099998474121094,6025.0,383,26.55457305908203,1,5,F
Meyers Fire,2018-09-20,38.7448,-120.65672,0.0,12.8,1.1,25.0,19.2,-1.5399999618530271,5630.0,1036,1.507758855819702,1,1,B
Mines Fire,2019-10-24,37.62782,-121.68598,0.0,18.3,3.8,21.17,16.7,1.25,2860.0,391,4.627367496490479,1,2,B
Miller Fire,2019-10-25,33.259861,-117.027333,0.0,31.1,0.4,11.15,18.1,1.5400009155273438,3062.0,486,2.992680072784424,1,2,B
Cypress Complex,2019-10-27,37.99136,-121.64118,0.0,41.4,7.0,22.22,13.5,1.8600006103515625,3729.0,-1,2.528235673904419,1,4,C
Forest Fire,2019-10-27,37.97911,-122.11092,0.0,44.0,1.8,27.39,15.9,1.2199993133544922,4491.0,123,18.477828979492188,1,2,B
Sky Fire ,2019-10-27,38.03545,-122.2241,0.0,50.6,3.5,24.95,14.2,0.9300003051757812,3584.0,101,8.048211097717285,1,3,C
Sawday Fire ,2019-10-25,33.055124,-116.742508,0.0,31.1,0.9,11.08,18.3,1.2000007629394531,3970.0,781,4.513156414031982,1,3,B
Tick Fire,2019-10-24,34.472778,-118.368056,0.0,31.6,0.0,15.68,17.7,-0.5500001907348633,2325.0,633,0.0,1,5,E
Copper Fire,2019-10-31,32.564583,-116.834583,0.0,31.1,3.2,18.15,15.8,1.5900001525878906,3588.0,414,15.422136306762695,1,2,B
Caples Fire,2019-10-11,38.724,-120.145,0.0,6.5,2.8,40.95,13.2,-0.0200004577636718,6596.0,2264,5.830084323883057,1,5,E
Old Water Fire,2019-10-24,34.183624,-117.274276,0.0,36.9,8.7,9.36,17.7,-0.7299995422363281,3647.0,575,11.208335876464844,1,3,C
Sandalwood Fire,2019-10-10,33.9925,-117.059167,0.0,36.9,20.7,39.23,16.4,2.25,2172.0,728,2.2361788749694824,1,5,E
Sobrante Fire ,2019-11-01,33.849906,-117.461363,0.0,19.7,0.0,13.12,16.9,1.0499992370605469,2217.0,430,3.868520021438599,1,1,B
Saddle Ridge Fire,2019-10-10,34.32988,-118.48161,0.0,33.3,30.1,41.76,18.9,2.229999542236328,4040.0,483,10.684823036193848,1,5,F
Palisades Fire,2019-10-21,34.055768,-118.554091,0.0,11.3,1.3,30.49,17.2,-0.0500001907348632,6073.0,95,18.3947696685791,1,2,B
Getty Fire ,2019-10-28,34.098191,-118.478717,0.0,36.9,0.0,29.88,2.9,-0.5500001907348633,3456.0,236,10.61823558807373,1,5,D
Hillside Fire,2019-10-31,34.183,-117.285,0.0,26.4,3.7,6.96,16.9,-0.8199996948242188,3427.0,501,7.461684703826904,1,4,C
Eagle Fire,2019-11-05,39.100408,-122.496548,0.0,5.3,1.7,58.81,14.2,2.229999542236328,5704.0,954,15.739376068115234,1,2,B
Muir Fire,2019-10-24,37.896231,-122.636471,0.0,15.0,15.9,21.42,16.0,0.9099998474121094,6346.0,37,5.8562421798706055,1,2,B
Elk Fire,2019-10-04,41.70611111,-123.4375,0.01,12.8,24.2,86.49,17.4,1.3999996185302734,7436.0,445,26.98796272277832,1,2,B
Taboose Fire,2019-09-06,37.034,-118.345,0.0,24.2,2.1,49.21,22.9,2.540000915527344,2170.0,1851,7.463458061218262,1,5,F
Grove Fire,2019-10-17,38.88913,-122.604425,0.0,30.0,20.7,65.79,15.4,1.3400001525878906,3401.0,427,1.5096619129180908,1,1,B
South Fire,2019-09-05,40.109,-122.789,0.0,34.4,0.8,33.44,22.8,1.0599994659423828,6128.0,938,17.953214645385742,1,5,F
Bear Fire ,2020-02-15,40.511092,-123.6378411,0.0,9.0,55.6,86.07,10.6,-0.9399995803833008,7798.0,1050,6.630767345428467,1,1,B
Beegum Fire,2020-02-23,40.33583333,-122.84722222,0.0,7.8,22.0,71.47,16.5,-2.2799997329711914,5619.0,486,4.942326068878174,1,2,B
Antelope Fire,2020-02-17,39.6923001,-120.3291855,0.0,25.3,15.0,44.32,17.2,-1.260000228881836,2643.0,1492,1.854334115982056,1,3,C
Wood Fire,2020-02-23,40.62155,-120.49392,0.0,18.3,1.3,49.78,16.4,2.030000686645508,2257.0,1547,3.0361194610595703,1,2,B
Maria Fire ,2019-10-31,34.302212,-118.997115,0.0,33.5,2.8,16.29,15.8,-0.0799999237060546,5012.0,204,10.60389232635498,1,5,F
Kincade Fire,2019-10-23,38.792458,-122.780053,0.0,24.2,0.2,45.75,2.6,-0.1300001144409179,5852.0,703,25.424659729003903,1,5,F
Grizzly Fire,2020-03-02,39.774968,-122.384532,0.0,31.1,2.0,26.89,8.2,-2.1999998092651367,5976.0,156,5.547544956207275,1,3,C
Mann Fire,2020-03-03,33.96957,-117.51793,0.0,37.1,1.4,19.8,25.6,-0.1599998474121093,2932.0,191,3.4766292572021484,1,3,C
South Main Fire,2020-03-06,33.65263,-117.40906,0.0,20.3,7.7,63.22,21.0,0.8599996566772461,5150.0,798,3.8172082901000977,1,1,B
Baseball Fire,2020-02-25,39.75638899,-122.94111111,0.0,31.1,0.0,38.42,15.3,-2.3199996948242188,6245.0,1149,22.57826805114746,1,4,C
Carter Fire ,2020-04-04,32.93432,-115.5865,0.0,33.4,0.0,32.79,22.7,6.629999160766602,5436.0,-26,3.548905372619629,1,4,C
Red Fire ,2020-04-23,40.09554,-122.43905,0.0,28.9,0.5,38.53,23.5,-2.9200000762939453,6228.0,156,3.032325506210327,1,1,B
Byron Fire,2020-04-27,37.82066,-121.595225,0.0,21.9,0.0,47.34,9.7,-2.1599998474121094,3609.0,5,0.9274099469184875,1,2,B
Bar Fire,2020-04-25,40.63442,-122.97693,0.0,6.3,2.0,50.37,19.3,-2.9600000381469727,7318.0,529,7.366458892822266,1,2,B
Interstate 5 Fire,2020-05-03,36.075003,-120.106407,0.0,25.3,12.4,52.13,27.4,-0.8199996948242188,2465.0,187,4.354072093963623,1,5,E
Gilman Fire,2020-05-18,33.861054,-117.024114,0.0,23.0,76.8,72.45,20.7,3.059999465942383,4591.0,475,0.9274099469184875,1,1,B
Acres Fire,2020-05-21,37.11715,-119.982359,0.0,17.2,2.9,54.91,28.4,-2.130000114440918,3001.0,123,4.627367496490479,1,3,C
Spanish Fire ,2020-05-22,38.697834,-122.403634,0.0,21.9,6.4,53.57,31.8,-3.550000190734864,5929.0,176,8.970914840698242,1,1,B
Range Fire,2020-05-27,35.34237,-120.70524,0.0,9.2,0.0,62.2,26.2,-0.9700002670288086,4066.0,163,3.003074407577514,1,5,F
Harley Fire,2020-05-28,33.83167,-117.34934,0.0,21.9,0.0,62.21,28.9,3.6299991607666016,3303.0,465,0.0,1,2,B
Creek Fire,2020-05-30,35.9994,-86.8616,0.0,24.2,17.7,62.15,28.9,2.790000915527344,8209.0,208,6.852556228637695,1,2,B
Acres Fire,2020-06-01,37.11806,-119.93221,0.0,10.1,14.9,55.76,18.5,-2.060000419616699,2231.0,173,7.00516414642334,1,4,C
Scorpion Fire,2020-05-31,34.01389,-119.74577,0.0,11.2,52.1,78.65,21.7,-0.9499998092651368,3495.0,305,36.36481475830078,1,5,E
Nash Fire,2020-06-01,39.1296,-123.48018,0.0,17.2,9.4,62.13,30.0,-3.260000228881836,7429.0,111,7.472977638244629,1,1,B
Horn Fire ,2020-06-02,40.809323,-120.288882,0.0,18.3,3.1,48.26,30.9,2.020000457763672,2486.0,1618,1.536458134651184,1,2,B
Silver Fire,2020-06-04,37.329163,-121.726223,0.0,13.3,15.3,53.44,28.1,-1.619999885559082,7144.0,634,3.9542200565338135,1,1,B
Karchner Fire,2020-06-05,38.98487,-121.340239,0.0,32.0,0.3,47.73,37.2,-3.9499998092651367,3439.0,34,1.854334115982056,1,2,B
Lakeville Fire,2020-06-05,38.224849,-122.549816,0.0,36.9,4.6,78.72,26.9,-3.4600000381469727,3840.0,132,9.396533012390137,1,3,C
Colleen Fire,2020-06-04,37.229703,-121.851895,0.0,12.9,16.3,55.74,27.7,-2.0,6160.0,163,3.0136866569519043,1,3,C
Willow Fire ,2020-06-06,37.994368,-122.002811,0.0,35.8,1.3,50.21,27.6,-3.34000015258789,2916.0,59,4.786981582641602,1,3,C
Bitterwater Fire,2020-06-07,36.2644,-121.0781,0.0,31.2,5.6,54.5,20.6,-1.1800003051757812,2683.0,130,1.4773215055465698,1,4,C
Gulch Fire,2020-06-06,38.216134,-122.536406,0.0,37.8,8.0,70.15,30.8,-3.310000419616699,3964.0,143,9.396109580993652,1,3,C
Oak Fire,2020-06-08,33.78275,-116.89655,0.0,39.1,0.4,28.3,32.3,1.8400001525878904,3758.0,555,9.260313987731934,1,1,B
Bradley Fire ,2020-06-08,35.94979,-120.81509,0.0,18.3,0.0,44.28,31.2,-1.0900001525878906,3203.0,224,6.563885688781738,1,4,C
Grand Fire,2020-06-08,33.638067,-117.37581,0.0,36.9,1.0,29.2,32.6,5.6100006103515625,5724.0,778,28.817163467407227,1,1,B
Hunters Fire,2020-06-07,37.61955,-120.215454,0.0,27.7,1.9,43.46,32.2,-1.1499996185302734,4497.0,493,13.15295124053955,1,3,B
Brock Fire,2020-06-04,40.837885,-122.097933,0.0,19.7,0.6,39.6,25.8,-0.8999996185302734,8890.0,588,7.640624523162842,1,1,B
Wildlife Fire,2020-06-03,38.232281,-122.042199,0.0,20.8,0.0,40.83,29.4,-3.5299997329711914,3983.0,2,3.887353897094727,1,4,D
McGary Fire ,2020-06-05,38.196893,-122.156313,0.01,43.8,8.1,65.41,26.9,-3.779999732971192,4406.0,35,5.814457893371582,1,2,B
Cronan Fire ,2020-06-09,38.827755,-120.988571,0.0,20.8,0.0,36.63,27.8,-1.5299997329711914,6687.0,270,1.5088512897491455,1,1,B
Vineyard Fire ,2020-06-09,38.89695,-123.21318,0.0,17.2,0.2,43.02,31.8,-3.430000305175781,7754.0,291,14.001259803771973,1,3,C
Watt Fire,2020-06-11,38.733421,-121.378879,0.0,19.7,30.0,43.81,27.6,-2.550000190734864,2788.0,25,1.5076093673706057,1,2,B
Border 7 Fire,2020-06-11,32.580882,-116.690712,0.0,9.6,6.2,56.39,30.3,3.549999237060547,4670.0,1084,29.876314163208008,1,3,B
Hopland Fire,2020-06-13,39.14783,-80.49163,0.0,9.4,44.8,64.38,19.6,1.4099998474121094,8499.0,317,3.0257933139801025,1,1,B
Skyline Fire,2020-06-11,32.73044,-116.7862,0.0,9.7,0.0,52.24,26.9,3.780000686645508,4522.0,733,17.797096252441406,1,3,C
Cornetts Fire,2020-06-13,37.40827,-120.08522,0.0,24.2,5.3,49.45,31.4,-1.8999996185302728,3265.0,373,6.464860916137695,1,4,C
Drum Fire,2020-06-14,34.63309,-120.28867,0.0,27.4,18.6,75.17,28.7,0.6400003433227539,3343.0,130,2.9993884563446045,1,4,D
Grant Fire,2020-06-12,38.520981,-121.201927,0.0,25.3,26.7,58.22,15.2,-3.4499998092651367,2693.0,63,4.004591941833496,1,5,F
Dawson Fire ,2020-06-13,33.776033,-117.461925,0.0,22.4,1.8,61.64,28.5,5.010000228881836,2745.0,377,7.762913227081299,1,1,B
Smoketree Fire,2020-06-02,33.782532,-116.524014,0.0,27.7,0.0,24.85,21.4,6.079999923706055,1688.0,217,34.93743896484375,1,3,C
Lime Fire,2020-06-10,34.46182,-118.77347,0.0,24.2,0.6,19.98,31.3,0.9499998092651368,5718.0,503,17.526020050048828,1,5,D
Riata Fire ,2020-06-16,35.40953,-120.56823,0.0,31.0,0.2,61.84,27.0,0.989999771118164,4374.0,305,13.82650661468506,1,1,B
Gyle Fire,2020-06-17,40.000132,-122.205628,0.0,34.9,0.0,25.74,28.4,-3.84000015258789,6190.0,87,0.9274099469184875,1,2,B
Nelson Fire ,2020-06-17,39.52408,-121.60037,0.0,32.2,0.0,31.69,48.4,-3.390000343322754,3851.0,65,3.893946886062622,1,3,B
Liberty Fire,2020-06-17,38.23432,-121.20828,0.0,26.4,0.0,34.58,32.9,-4.550000190734863,3137.0,26,7.048918724060059,1,3,B
Nelson Fire,2020-06-18,38.89178,-121.33956,0.0,16.1,0.0,40.1,36.2,-3.34000015258789,2734.0,36,1.191468358039856,1,3,C
Baker Fire,2020-06-17,35.27678,-118.6894,0.0,41.9,0.0,40.1,32.0,1.0400009155273438,2033.0,497,8.188385963439941,1,3,C
Honcut Fire,2020-06-20,39.36894,-121.53976,0.0,11.2,0.2,44.05,45.7,-4.210000038146973,3181.0,34,2.208052635192871,1,3,B
East Fire,2020-06-20,41.5017,-120.54161,0.0,28.8,0.0,38.98,28.4,-2.060000419616699,3066.0,1345,1.546847581863403,1,1,B
Stage Fire,2020-06-21,36.69845,-121.57407,0.0,18.3,55.7,74.79,25.1,-2.119999885559082,5361.0,59,3.88018012046814,1,2,B
Teddy Fire,2020-06-18,39.37577,-121.45372,0.0,24.2,0.0,30.96,47.9,-2.979999542236328,3221.0,105,6.598308563232422,1,1,B
River Fire,2020-06-22,35.62906,-120.68326,0.0,32.1,9.6,65.03,26.5,-1.619999885559082,3312.0,218,5.97769021987915,1,1,B
Ridge Fire,2020-06-17,35.9497,-121.42113,0.0,12.8,0.0,48.56,32.2,1.260000228881836,8045.0,1031,6.902963638305664,1,3,B
India Fire,2020-06-09,33.37579,-117.47166,0.0,21.4,5.7,21.65,29.5,4.690000534057617,4451.0,118,1.4466921091079712,1,5,E
Hunter Fire,2020-06-21,35.90835,-121.08753,0.0,25.3,21.5,56.78,31.4,-0.8000001907348633,3564.0,261,1.854334115982056,1,4,C
Sycamore Fire,2020-06-23,36.97511,-119.33439,0.0,11.6,11.5,40.01,29.2,-2.3299999237060547,4704.0,488,3.9398598670959473,1,1,B
Diablo Fire,2020-06-25,37.46265,-121.18355,0.0,18.3,0.9,44.87,30.6,-2.8199996948242188,2380.0,75,6.106652736663818,1,4,C
Indian Fire,2020-06-26,33.565093,-116.750925,0.0,31.1,0.0,40.62,26.4,3.680000305175781,2991.0,1148,4.318429946899414,1,2,B
58 Fire,2020-06-24,33.27665,-115.96594,0.0,13.0,8.8,30.68,24.0,3.6499996185302734,697.0,-27,1.854334115982056,1,1,B
Bend Fire,2020-06-25,35.30742,-119.88048,0.0,19.7,51.8,60.62,31.9,-0.5500001907348633,2251.0,640,3.588218927383423,1,4,C
Muck Fire ,2020-06-29,41.0336731,-121.2199939,0.0,23.0,42.0,47.64,26.3,-2.119999885559082,4363.0,1351,3.708238363265991,1,1,B
R-2 Fire,2020-06-23,40.43203,-120.28147,0.0,17.2,3.6,27.78,28.8,-1.7100000381469729,2222.0,1378,0.0,1,4,D
R-3 Fire,2020-06-24,40.44793,-120.04635,0.0,13.9,2.6,36.42,26.9,-1.9300003051757808,2029.0,1537,2.6062591075897217,1,4,C
Pass Fire,2020-06-28,37.06641,-121.21912,0.0,27.7,56.9,72.8,30.8,-1.6599998474121094,2850.0,410,6.008871555328369,1,5,E
Gage Fire,2020-06-28,35.69993,-120.96759,0.0,28.6,46.2,72.74,29.7,-1.2899999618530271,5913.0,363,11.273362159729004,1,1,B
Aurora Fire,2020-06-26,38.22554,-119.00289,0.0,20.8,0.0,35.88,30.9,-2.6999998092651367,2963.0,2532,13.009353637695312,1,4,C
Avacado Fire,2020-06-30,39.3784,-121.4319,0.0,7.1,0.3,35.98,44.9,-2.9700002670288086,3931.0,151,3.669372320175171,1,3,C
Cotton Fire,2020-07-05,37.091637,-121.086625,0.0,19.7,0.6,37.77,31.2,-2.289999961853028,1898.0,183,14.974424362182615,1,3,C
Sheridan Fire,2020-07-04,37.536015,-121.876277,0.0,14.4,2.1,47.71,30.8,-2.930000305175781,3787.0,311,15.104643821716309,1,3,C
Mount R Fire,2020-07-03,34.182436,-117.124353,0.0,18.3,0.0,41.79,17.1,1.5900001525878906,5584.0,1130,10.156097412109377,1,2,B
Patterson Fire,2020-07-06,37.71984,-121.53524,0.0,24.2,2.0,49.56,32.4,-3.1599998474121094,1571.0,80,3.513197422027588,1,3,C
Quarter Fire,2020-06-21,38.08264,-120.20316,0.0,18.3,0.0,41.27,31.5,-1.329999923706055,6608.0,1144,18.90235710144043,1,1,B
Poeville Fire,2020-06-27,39.32596,-119.81098,0.0,33.7,23.9,24.43,25.5,-2.7200002670288086,3144.0,1550,2.569399833679199,1,5,E
Kings Fire,2020-07-05,36.750186,-119.116536,0.0,17.2,2.1,35.41,31.6,-1.630000114440918,4605.0,683,5.068391799926758,1,2,B
California Fire,2020-07-06,38.02996,-122.25471,0.0,27.7,2.0,52.09,30.8,-3.7100000381469727,3106.0,52,8.92063045501709,1,4,C
Brandon Fire,2020-07-07,38.58488,-120.941267,0.0,16.1,0.0,41.45,30.5,-2.010000228881836,5402.0,244,15.29952335357666,1,1,B
Hog Fire,2020-06-12,36.82276,-119.36572,0.0,36.1,42.1,41.12,27.2,-2.810000419616699,3819.0,178,5.389750957489014,1,4,D
Tripp Fire ,2020-07-09,33.551838,-116.7464168,0.0,18.3,0.0,32.23,27.5,3.450000762939453,3197.0,1119,7.594117164611816,1,1,B
Alum Fire,2020-07-11,37.37731,-121.79349,0.0,14.8,8.9,51.65,29.1,-3.010000228881836,3092.0,286,6.8819427490234375,1,1,B
Soda Fire ,2020-07-03,35.393889,-120.053275,0.0,15.7,14.7,65.33,28.7,-0.6099996566772461,2437.0,633,1.854334115982056,1,3,C
Soledad Fire,2020-07-05,34.467915,-118.328877,0.0,26.4,2.6,25.64,30.6,2.1599998474121094,2272.0,722,15.365384101867676,1,5,E
Elliot Fire,2020-07-13,33.623968,-117.108421,0.0,19.7,0.0,39.83,28.1,4.25,2533.0,458,5.238243103027344,1,1,A
Power Fire,2020-07-11,37.1487,-119.50307,0.0,40.3,13.0,31.99,29.4,-2.7100000381469727,4441.0,314,8.091141700744629,1,3,C
Robinson Fire,2020-07-13,39.43227,-121.37994,0.0,18.3,0.0,35.15,47.3,-2.010000228881836,4267.0,427,1.5169543027877808,1,1,B
Valley Fire ,2020-07-15,39.10112,-121.33589,0.0,18.3,0.0,50.22,23.9,-3.5299997329711914,3033.0,82,3.698376417160034,1,4,D
Casino Fire,2020-07-13,33.48429,-116.83552,0.0,35.6,3.8,38.76,30.0,3.6200008392333984,2697.0,876,2.7802884578704834,1,3,B
Ben Fire,2020-07-15,37.42319,-119.95807,0.0,9.2,2.0,49.59,25.4,-1.6599998474121094,4104.0,462,6.547367572784424,1,2,B
Hollow Fire,2020-07-16,37.64044,-121.59374,0.0,17.1,10.2,62.8,29.3,-3.229999542236328,2336.0,259,1.854334115982056,1,4,C
Pitzer Fire,2020-07-17,34.39464,-116.97557,0.0,23.0,0.0,38.68,29.0,2.959999084472656,1750.0,1135,2.1679136753082275,1,3,C
Rabbit Fire ,2020-07-20,37.118075,-119.932391,0.0,10.9,4.6,44.69,28.0,-1.869999885559082,2076.0,173,7.00516414642334,1,3,C
Feather Fire,2020-07-20,39.506597,-121.604579,0.0,16.1,0.0,47.0,44.0,-3.260000228881836,3813.0,62,0.0,1,1,B
Avila Fire,2020-06-15,35.17977,-120.69959,0.0,33.1,1.6,63.45,27.0,-1.239999771118164,5820.0,36,0.0,1,4,D
Fork Fire,2020-06-18,36.37085,-118.845123,0.0,11.3,0.0,40.78,29.7,-0.9099998474121094,4932.0,581,4.3586273193359375,1,3,C
Candy Fire,2020-05-08,39.42208,-121.47273,0.0,31.1,0.9,32.62,27.6,-3.0,5049.0,170,7.3788604736328125,1,1,B
Grade Fire ,2020-06-22,36.5537,-119.19677,0.0,10.9,9.5,44.25,27.2,-2.510000228881836,3421.0,149,2.1839044094085693,1,5,E
Springs Fire,2020-06-19,35.89133,-118.8613,0.0,23.0,0.0,35.46,29.8,1.329999923706055,2315.0,360,2.178783655166626,1,4,C
Hill Fire,2020-07-24,39.013591,-122.359663,0.0,19.7,9.6,57.99,29.6,-3.760000228881836,2297.0,338,18.45556831359864,1,3,C
Jack Fire,2020-07-24,33.93327,-117.033124,0.0,21.9,13.0,62.5,28.5,2.940000534057617,3235.0,724,13.816664695739746,1,3,C
Mineral Fire,2020-07-13,36.09493,-120.52193,0.0,32.2,0.0,38.29,32.1,-2.229999542236328,2494.0,447,4.627367496490479,1,5,F
Mountain Meadow Fire ,2020-07-06,38.21614,-122.12447,0.0,31.1,0.0,45.7,29.4,-3.770000457763672,3903.0,3,0.0,1,2,B
Nail Fire,2020-07-07,39.35498,-122.65813,0.0,12.8,0.0,46.08,30.1,-3.779999732971192,3884.0,506,6.597733497619629,1,1,B
Cottonwood Fire,2020-07-27,37.083806,-121.101634,0.0,21.6,9.2,50.87,28.2,-2.050000190734864,1973.0,188,8.600056648254395,1,5,D
Holland Fire ,2020-07-20,37.977309,-121.620238,0.0,23.0,19.1,59.93,24.5,-4.079999923706055,6671.0,1,1.1764721870422363,1,2,B
Ione Fire ,2020-07-26,38.420382,-121.044895,0.0,26.4,0.3,41.66,26.8,-3.010000228881836,2540.0,57,0.0,1,2,B
Border 11 Fire,2020-07-28,32.62212,-116.77048,0.0,17.2,57.3,76.65,28.1,3.309999465942383,3684.0,440,8.492059707641602,1,3,C
Flat Fire,2020-06-30,40.791509,-123.437051,0.0,28.9,51.6,76.25,29.7,-2.6700000762939453,6614.0,338,21.33711624145508,1,2,B
Ridge Fire,2020-07-27,34.75844,-118.72004,0.0,25.6,0.0,27.1,29.7,0.5699996948242188,3874.0,1115,26.866668701171875,1,4,D
Rabbit Fire,2020-07-30,33.934137,-117.034461,0.0,18.3,0.0,40.08,27.2,2.8500003814697266,3159.0,710,4.988451480865479,1,3,C
Brook Fire,2020-07-29,34.25143,-117.45479,0.0,20.8,0.3,52.02,29.8,2.6599998474121094,3318.0,747,0.9274099469184875,1,3,C
Karen Fire,2020-07-25,34.028116,-117.429598,0.0,25.3,4.5,59.54,26.6,1.6200008392333984,4216.0,315,2.9963648319244385,1,4,C
Sheep Fire,2020-07-30,35.14357,-118.7933,0.0,24.2,0.0,30.09,24.5,1.1900005340576172,2008.0,258,3.0020248889923096,1,4,C
Sophia Fire,2020-08-02,38.686478,-121.103299,0.0,8.5,2.6,29.76,26.0,-2.939999580383301,4389.0,132,1.5069944858551023,1,2,B
Lincoln Fire,2020-07-27,40.78804,-124.19954,0.0,17.9,70.8,97.6,22.5,-0.6400003433227539,3902.0,-4,2.617872476577759,1,1,B
Water Fire,2020-08-02,33.924086,-116.641846,0.0,29.6,0.0,22.76,27.5,1.8500003814697263,1468.0,410,1.4521411657333374,1,2,B
Easton Fire,2020-07-20,34.135626,-117.192142,0.0,19.7,0.0,42.17,28.5,1.0699996948242188,2752.0,451,2.166127920150757,1,2,B
Sites Fire ,2020-08-02,39.31313,-122.48525,0.0,23.0,0.7,36.54,28.2,-4.539999961853027,3351.0,374,3.667915582656861,1,4,D
Fort Fire,2020-08-06,34.93929,-118.92967,0.0,27.7,0.0,44.83,29.8,0.6000003814697266,2233.0,475,4.762479305267334,1,4,C
Soda Fire,2020-08-12,34.962524,-119.444977,0.0,11.2,16.3,48.42,22.6,0.8100004196166992,2473.0,885,4.880430221557617,1,4,D
Iris Fire,2020-07-21,37.518879,-118.711135,0.0,32.3,9.3,26.9,25.4,-1.979999542236328,4278.0,2564,3.962028741836548,1,3,C
R-1 Fire,2020-08-11,40.590714,-120.549595,0.0,19.7,2.5,39.06,18.0,-1.4300003051757812,2028.0,1959,9.040440559387209,1,4,C
Mina Fire,2020-08-10,39.82454,-123.262437,0.0,21.9,0.0,38.21,21.3,-3.560000419616699,5303.0,434,6.291369438171387,1,3,C
Rowher Fire,2020-07-01,34.542742,-118.324601,0.0,34.4,10.7,30.81,29.6,1.8700008392333984,3684.0,877,1.4584922790527344,1,4,D
Peak Fire,2018-11-12,34.26734825,-118.64381589,0.0,35.7,0.0,8.69,15.1,-2.729999542236328,2600.0,437,5.547544956207275,1,3,C
Quail Fire,2020-06-06,38.470809,-122.038208,0.0,34.4,0.8,46.52,27.2,-3.640000343322754,3924.0,80,11.05355453491211,1,5,E
Sperry Fire,2020-06-08,37.463636,-121.16483,0.0,29.8,0.0,34.97,31.7,-2.800000190734864,1686.0,45,1.854334115982056,1,2,B
Sierra Fire,2020-06-08,33.82925,-117.46036,0.0,31.7,4.6,27.23,31.3,6.129999160766602,3134.0,418,5.547544956207275,1,3,C
Badger Fire,2020-07-18,41.79319,-122.69296,0.0,21.9,1.0,36.07,28.1,-3.369999885559082,5589.0,740,2.232379913330078,1,4,D
Beale Fire,2020-08-02,39.11307,-121.38178,0.0,11.2,0.0,41.58,31.1,-3.75,2981.0,39,4.770427227020264,1,4,D
North Fire,2020-08-02,40.36764,-120.44811,0.0,17.2,0.0,26.37,27.4,1.4400005340576172,2766.0,1253,3.05789852142334,1,5,F
Carrizo Fire,2020-08-12,35.308259,-119.987565,0.0,23.0,26.3,66.03,29.4,-0.6700000762939453,2130.0,597,1.466649293899536,1,3,C
Johnson Fire ,2019-10-14,33.45148,-116.05898,0.0,41.4,0.0,35.66,16.6,0.5500001907348633,2881.0,-61,1.854334115982056,1,2,B
Duluth Fire,2020-08-10,38.81111,-121.318472,0.0,13.5,1.7,38.13,29.3,-2.09000015258789,2159.0,34,2.7802884578704834,1,2,B
Meiss Fire,2020-08-13,38.474502,-121.172572,0.0,20.8,15.2,33.52,19.5,-3.4200000762939453,2302.0,42,1.854334115982056,1,4,D
Clark Fire,2020-08-14,39.647686,-121.633994,0.0,9.2,4.3,29.92,41.5,-2.8500003814697266,2434.0,97,4.055197238922119,1,3,C
3-2 Fire,2020-08-16,35.519723,-120.801074,0.0,24.2,0.1,43.24,22.9,-0.9600000381469728,5776.0,340,4.548587799072266,1,1,B
Elk Fire,2020-08-16,39.52452,-122.427358,0.0,21.9,9.3,35.36,13.3,-3.979999542236328,3053.0,271,17.800912857055664,1,4,D
Hog Fire,2020-07-18,40.420886,-120.86375,0.0,13.9,0.0,33.04,30.5,-2.3299999237060547,5749.0,1675,0.9274099469184875,1,5,F
Stagecoach Fire,2020-08-03,35.43044,-118.53361,0.0,33.3,0.1,20.55,28.6,1.0900001525878906,2801.0,1058,4.396265506744385,1,5,F
Murphy Fire,2020-08-17,38.840068,-120.876546,0.0,25.1,4.6,27.26,19.8,-1.4099998474121094,4871.0,540,8.327689170837402,1,1,B
Flint Fire,2020-08-19,38.03106,-120.85258,0.0,14.3,48.9,27.46,6.9,-1.5900001525878906,2499.0,117,3.886373043060303,1,2,B
Granite Fire,2021-05-08,38.03106,-120.85258,0.0,29.8,0.0,30.55,11.5,-3.890000343322754,4597.0,117,3.886373043060303,1,3,C
4-8 Fire,2020-08-17,39.555943,-122.5012461,0.02,21.9,11.3,47.62,5.8,-4.229999542236328,3330.0,446,21.401195526123047,1,4,C
Volcano Fire,2020-08-20,33.454896,-117.328234,0.0,18.5,20.9,68.45,26.1,2.299999237060547,4108.0,157,16.245059967041016,1,2,B
Post Fire,2020-08-02,34.04447,-118.21608,0.0,6.0,11.4,71.39,28.6,0.5299997329711914,1771.0,87,3.869253635406494,1,3,C
Elsmere Fire,2020-08-03,34.3428,-118.49731,0.0,25.3,5.5,58.28,28.6,1.7900009155273438,3545.0,644,9.456317901611328,1,4,C
Hills Fire,2020-08-15,36.09876,-120.427342,0.01,16.1,21.4,42.03,13.2,-1.130000114440918,2051.0,341,23.09103775024414,1,5,E
Perry Fire,2020-08-26,38.8825,-121.10411,0.0,16.1,0.4,43.11,20.8,-1.5299997329711914,4888.0,308,4.400673389434815,1,1,A
Loyalton Fire,2020-08-14,39.702438,-120.143473,0.02,34.4,21.0,33.11,16.9,-1.979999542236328,5492.0,2444,4.057732582092285,1,5,F
Johnson Fire ,2020-08-28,34.65979,-118.36411,0.0,25.5,0.0,23.22,26.9,1.729999542236328,3144.0,1064,8.363324165344238,1,4,C
Catholic Fire,2020-09-01,39.012743,-122.637037,0.0,18.3,70.2,68.2,20.1,-3.680000305175781,4612.0,498,21.05645751953125,1,1,B
River Fire,2020-08-16,36.60239,-121.62161,0.0,33.4,5.6,54.07,21.9,-1.3500003814697266,4726.0,15,0.9274099469184875,1,5,F
Coyote Fire,2020-08-21,37.18725,-121.68465,0.0,26.4,31.4,64.03,22.2,-1.380000114440918,2158.0,127,5.081967353820801,1,3,C
Sheep Fire ,2020-08-22,40.274,-120.757,0.0,12.8,4.2,31.93,20.6,-1.760000228881836,4735.0,1622,9.203133583068848,1,5,F
Sperry Fire,2020-09-08,37.46377,-121.18018,0.0,31.8,66.9,24.85,16.9,-2.4200000762939453,2001.0,76,9.95594310760498,1,2,B
Schoolhouse Fire,2020-09-09,41.68229,-122.84057,0.0,25.3,0.6,14.31,17.0,-3.260000228881836,5768.0,982,16.61374282836914,1,2,B
San Antonio Fire ,2020-09-16,34.773809,-120.491594,0.01,11.3,38.6,86.53,24.4,-1.0900001525878906,3927.0,124,25.976730346679688,1,3,C
Valley Fire,2020-09-05,32.765615,-116.692705,0.0,11.6,1.4,50.06,23.0,2.25,3970.0,745,8.581933975219727,1,5,F
Lake Fire,2020-08-12,34.679,-118.452,0.0,28.9,9.0,15.56,25.3,1.1499996185302734,3704.0,999,13.016148567199709,1,5,F
Pony Fire,2020-10-03,38.464074,-121.039236,0.0,7.0,18.2,32.7,7.6,-2.060000419616699,3375.0,79,3.0061402320861816,1,1,B
Copper Fire ,2020-09-30,38.49375,-121.003602,0.0,19.7,17.1,28.24,15.8,-2.0,3213.0,130,3.0069074630737305,1,2,B
Shackleford Fire,2020-09-11,41.575549,-123.021635,0.0,26.4,87.7,33.86,18.1,-3.140000343322754,7947.0,1264,25.51786231994629,1,2,B
Woodward Fire,2020-08-18,38.018089,-122.836701,0.0,21.9,32.2,63.98,25.5,-3.779999732971192,8490.0,175,10.805142402648926,1,5,E
Fox Fire,2020-09-16,41.211022,-122.847359,0.0,24.2,10.8,39.78,15.9,-2.630000114440918,5350.0,2012,1.2327046394348145,1,5,E
Lambert Fire,2020-10-04,38.424016,-121.006635,0.0,16.1,15.7,28.64,17.0,-2.239999771118164,3630.0,70,1.854334115982056,1,1,B
Irvine Fire,2020-10-11,37.821737,-122.104314,0.0,13.1,22.8,64.18,15.5,-2.4600000381469727,4920.0,255,16.145963668823242,1,1,B
Diamond Fire,2020-10-13,37.98337,-120.64541,0.0,20.8,3.2,41.93,13.3,-1.3199996948242188,3411.0,304,8.96030330657959,1,1,B
Oak Fire,2020-09-07,39.4935,-123.3965,0.0,24.2,7.9,31.12,22.1,-2.890000343322754,6201.0,594,15.230021476745604,1,5,E
Zogg Fire,2020-09-27,40.53927,-122.56656,0.0,45.1,0.0,24.07,19.2,-2.489999771118164,5037.0,506,8.631087303161621,1,5,F
Bruder Fire,2020-10-15,34.014728,-117.138078,0.0,12.2,0.3,33.29,17.6,0.9600000381469728,3600.0,675,7.841791152954102,1,3,C
Martindale Fire ,2020-09-28,34.563,-118.4,0.0,41.4,0.0,19.71,21.3,0.9099998474121094,4560.0,829,24.6474723815918,1,4,C
Cameron Fire,2020-10-18,38.659387,-120.964726,0.0,6.8,14.5,23.81,15.7,-1.8199996948242188,4435.0,414,2.201579093933105,1,1,B
Ferry Fire,2020-10-22,39.51694,-121.54475,0.0,27.7,2.7,28.28,52.3,-2.810000419616699,3607.0,80,9.701769828796388,1,1,A
Redwood Fire,2020-10-23,40.55823,-123.88658,0.0,20.8,9.1,77.34,14.7,-1.4099998474121094,8727.0,747,15.179160118103027,1,3,C
Dersch Fire,2020-10-25,40.47646,-122.18102,0.0,47.9,0.2,28.62,14.7,-2.1700000762939453,2687.0,154,3.768218994140625,1,3,C
Point Fire (Shasta and Tehama County),2020-10-25,40.38869,-122.39033,0.0,47.1,0.5,28.68,12.5,-2.289999961853028,2639.0,157,1.2175283432006836,1,4,C
Cypress Fire,2020-11-01,34.03343,-117.51476,0.0,11.2,44.3,29.98,23.8,0.6000003814697266,2821.0,257,2.1654300689697266,1,3,C
Pope Fire,2020-10-23,38.56184,-122.37828,0.0,12.2,36.9,72.29,15.4,-3.060000419616699,4406.0,287,7.314640998840332,1,2,B
Bullfrog Fire,2020-09-12,37.135474,-119.027309,0.0,24.7,24.5,24.72,11.1,-1.7100000381469729,5669.0,2707,5.797245025634766,1,5,E
Ranch 2 Fire,2020-08-13,34.160265,-117.910498,0.0,23.0,31.6,27.61,20.1,0.989999771118164,3863.0,229,1.1207325458526611,1,5,E
R-8 Pinecone Fire,2020-08-26,40.773,-120.536,0.0,15.3,33.6,49.27,20.5,-1.0399999618530271,3059.0,1887,7.418248653411865,1,4,D
Placer Fire,2020-08-25,35.4335197,-120.1243296,0.0,18.0,38.6,75.3,23.4,-0.5399999618530273,2035.0,606,7.970213890075684,1,2,B
3-19 Fire,2020-08-18,39.276,-123.013667,0.0,30.0,0.0,51.35,16.0,-3.300000190734864,3819.0,905,15.310765266418455,1,2,B
Holser Fire,2020-08-17,34.438759,-118.758965,0.0,9.6,9.3,54.19,21.4,-0.0100002288818359,3642.0,253,2.168220996856689,1,5,E
Trimmer Fire,2020-08-04,36.90933,-119.2439,0.0,24.2,12.4,35.18,27.6,-2.75,3148.0,319,29.32516098022461,1,4,D
Castaic Fire,2020-08-01,34.51853,-118.59699,0.0,27.7,0.0,31.4,27.8,0.619999885559082,2649.0,515,15.404488563537598,1,3,C
Stump Fire,2020-08-01,40.34659,-121.6415,0.0,17.2,0.0,27.89,26.3,-1.2799997329711914,6866.0,1482,3.0341217517852783,1,4,D
Dam Fire,2020-07-30,34.17363,-117.889503,0.0,19.7,3.2,42.24,26.9,1.829999923706055,3846.0,471,18.222103118896484,1,4,C
July Complex,2020-07-24,41.699,-121.477,0.0,24.2,6.2,43.58,23.5,-3.289999961853028,3101.0,1476,24.492977142333984,1,5,F
Moc Fire,2020-08-20,37.813779,-120.312565,0.0,7.7,53.9,30.3,19.6,-1.489999771118164,4839.0,295,18.33036231994629,1,5,E
August Complex (includes Doe Fire),2020-08-16,39.776,-122.673,0.0,20.8,7.4,33.91,14.3,-3.2799997329711914,6813.0,1363,13.526503562927246,5,5,F
El Dorado Fire,2020-09-05,34.08056,-116.98669,0.0,23.0,11.0,31.32,18.4,0.979999542236328,6651.0,1764,14.001855850219728,1,5,F
Thomas Fire,2020-12-03,41.591948,-120.374514,0.0,10.9,0.0,56.07,18.6,-2.4600000381469727,3170.0,1523,2.230219602584839,1,1,B
Cerritos Fire,2020-12-03,33.773754,-117.051463,0.0,32.2,0.0,13.02,10.4,1.3199996948242188,2409.0,530,0.9274099469184875,1,4,C
San Dimas Fire,2020-11-06,34.146195,-117.778561,0.01,25.5,49.9,48.67,12.7,-1.0299997329711914,3917.0,480,39.66474914550781,1,3,C
Olinda Fire,2020-10-25,40.41486,-122.342,0.0,47.7,0.2,28.63,12.5,-2.229999542236328,3090.0,219,2.218109607696533,1,1,A
Airport Fire,2020-12-01,33.893351,-117.62109,0.0,20.8,0.0,47.24,12.8,-1.140000343322754,6292.0,167,4.555021286010742,1,5,E
257 Fire,2020-11-17,41.4435,-120.87054,0.01,68.4,45.6,56.98,1.5,-3.359999656677246,2609.0,1314,0.0,1,2,B
Bond Fire,2020-12-02,33.743842,-117.674967,0.0,40.2,9.1,33.08,13.1,-1.010000228881836,3582.0,348,18.21847152709961,1,5,F
Manzanita Fire,2021-01-19,37.25086,-119.51982,0.0,20.8,13.0,46.24,11.4,-3.300000190734864,5613.0,876,3.882685661315918,1,1,B
North Butano Fire,2021-01-18,37.18259,-122.28823,0.0,34.4,25.9,32.08,12.0,-4.010000228881836,2004.0,432,2.974224805831909,1,1,B
Bonny Doone Complex (Previously Fanning Fire),2021-01-19,37.08931,-122.10509,0.0,33.4,5.7,19.62,11.9,-3.369999885559082,8547.0,240,22.09037208557129,1,1,B
Erbes Fire,2021-01-14,34.20955,-118.83967,0.0,35.6,6.5,22.75,13.9,-2.270000457763672,3084.0,296,4.760162353515625,1,4,C
72 Fire,2021-01-19,33.52871,-116.10723,0.0,25.3,51.5,28.33,3.2,-2.2799997329711914,3517.0,-61,1.4481948614120483,1,2,B
Panther Ridge Fire,2021-01-19,37.18381,-122.13372,0.0,34.5,7.5,19.72,11.7,-3.380000114440918,8468.0,304,19.85679054260254,1,1,B
Freedom Fire,2021-01-19,36.98767,-121.83627,0.0,42.3,0.0,19.45,11.5,-2.2200002670288086,6829.0,119,7.327703952789307,1,2,B
Grapevine Fire,2021-03-14,35.5819816117628,-117.591073443333,0.0,33.6,1.4,32.02,17.7,-3.0699996948242188,1341.0,908,0.0,1,3,B
Woodman Fire,2021-04-01,40.6758842,-122.0536419,0.0,13.1,0.0,46.39,20.8,-3.359999656677246,6529.0,365,4.784841060638428,1,2,B
Paso Fire,2021-04-12,32.958961,-116.582369,0.0,21.9,68.4,73.88,27.2,-1.630000114440918,5877.0,1507,10.498665809631348,1,1,B
Turnout Fire,2021-04-18,38.99914,-123.35838,0.0,22.9,0.0,43.11,27.0,-4.439999580383301,7208.0,138,0.0,1,4,C
Sky Fire,2021-04-29,38.8843712846835,-122.517715553264,0.0,19.7,20.1,58.63,30.7,-5.25,4847.0,552,12.82193088531494,1,2,B
Campo Fire,2021-04-29,38.223179,-120.856628,0.0,10.6,0.0,34.82,13.4,-3.979999542236328,6017.0,175,5.115528583526611,1,3,C
Bridge Fire,2021-05-05,33.86972,-117.044072,0.0,23.7,2.4,43.8,26.9,-2.6000003814697266,2736.0,450,5.248992919921875,1,4,C
Creek Fire,2021-05-04,33.532246,-116.767011,0.0,24.2,3.8,38.45,30.2,-2.939999580383301,3492.0,1075,2.7802884578704834,1,1,B
River Fire,2021-04-19,38.9743823,-121.5896697,0.0,8.8,0.0,41.23,31.0,-6.100000381469727,6041.0,16,2.384676218032837,1,2,B
North Fire,2021-04-28,34.449686,-118.616276,0.0,34.4,0.0,28.19,29.2,-3.689999580383301,3091.0,314,2.43173623085022,1,4,D
Quail Fire,2021-05-12,39.2510745,-121.361339,0.0,15.0,0.0,26.8,28.5,-5.079999923706055,5640.0,148,5.846208572387695,1,2,B
Salmon Fire,2021-05-01,38.773294,-121.034998,0.0,16.1,1.3,47.28,28.0,-4.210000038146973,4428.0,142,10.187171936035156,1,1,B
Dillard Fire,2021-05-08,38.28328,-121.45965,0.0,35.0,0.3,19.12,22.9,-6.729999542236328,4218.0,3,2.361826181411743,1,2,B
Fields Fire,2021-05-14,37.560209,-120.419624,0.0,11.9,0.0,50.26,25.3,-5.020000457763672,3037.0,101,5.902210235595703,1,3,B
Milepost 21 Fire,2020-07-20,41.1849445,-123.6986222,0.0,8.8,95.1,84.05,31.5,-1.079999923706055,8133.0,117,19.63537979125977,1,3,C
Pine Fire,2021-05-12,34.454231,-117.663815,0.0,30.5,11.4,44.0,30.3,-3.4600000381469727,1599.0,1174,5.980633735656738,1,4,D
WeeVill Fire,2021-05-20,34.7591895,-118.5044868,0.0,45.9,2.0,31.62,30.9,-4.0,1965.0,888,3.000032663345337,1,4,D
R-1 Fire,2021-05-14,40.971612,-120.094517,0.0,28.9,17.9,35.33,14.8,-3.310000419616699,2911.0,2029,4.901645660400391,1,1,B
Lake Fire,2021-05-24,33.965596,-117.471517,0.0,26.9,0.3,36.46,23.5,-3.510000228881836,4486.0,211,1.4525620937347412,1,3,C
Live Oak Fire,2021-05-27,37.45646,-120.00392,0.0,32.2,0.0,43.98,32.0,-4.130000114440918,4956.0,529,1.854334115982056,1,4,C
Palisades Fire,2021-05-14,34.079046,-118.558938,0.0,20.8,68.5,71.8,23.0,-3.489999771118164,3891.0,303,16.765485763549805,1,5,E
Slope Fire,2021-05-31,36.862017253092894,-119.348412180029,0.0,13.9,16.4,37.07,29.9,-5.439999580383301,3547.0,390,4.366365909576416,1,1,B
Smalley Fire,2021-05-31,37.1619216,-119.5166045,0.0,10.9,13.8,37.84,29.3,-4.789999961853027,4201.0,414,6.00999116897583,1,2,B
Buck Fire,2021-06-06,37.2448494401916,-119.860478362096,0.0,37.8,15.4,42.81,29.2,-4.159999847412109,4120.0,365,3.704791784286499,1,2,B
Creek Fire,2021-06-09,38.899722,-122.238889,0.0,28.9,20.2,46.44,28.4,-8.0,3329.0,145,2.5559403896331787,1,1,B
Sierra Fire,2021-06-09,33.3157115652491,-117.34832277422,0.0,22.5,11.8,61.79,27.6,-2.979999542236328,4103.0,28,1.854334115982056,1,5,E
Farm Fire,2021-06-09,34.3832472034404,-117.418354641222,0.0,27.1,25.9,50.32,31.7,-3.140000343322754,2055.0,1188,2.7802884578704834,1,4,C
Beale Fire,2021-06-13,39.1956433,-121.3587065,0.0,18.6,0.0,51.0,29.1,-5.529999732971191,3053.0,101,1.513749361038208,1,3,C
Silicon Fire,2021-06-14,37.24042,-121.76309,0.0,26.4,40.9,65.92,26.2,-5.090000152587891,2928.0,82,3.013749361038208,1,2,B
Goose Fire,2021-06-13,38.3046414,-120.9608439,0.0,25.3,0.0,56.97,27.9,-6.010000228881836,4459.0,90,9.26821994781494,1,2,B
Fields Fire ,2020-10-07,39.181047,-121.450982,0.0,8.0,12.1,34.43,12.3,-3.180000305175781,1478.0,34,3.025000810623169,1,2,B
Equestrian Fire,2021-06-16,38.79988,-121.01273,0.0,7.1,0.0,24.45,28.8,-4.920000076293945,4176.0,426,14.565407752990724,1,1,B
Kathryn Fire,2021-06-15,33.67127,-116.94956,0.0,9.5,0.3,29.12,27.4,-3.060000419616699,2247.0,521,3.4654109477996826,1,1,B
Park Fire,2021-06-17,39.77144,-121.76629,0.0,24.2,2.8,18.45,30.3,-5.960000038146973,4552.0,103,4.417123794555664,1,4,D
Antelope Fire,2021-06-18,36.47887,-119.10788,0.0,36.8,0.6,36.28,23.0,-5.399999618530273,4023.0,163,2.183316469192505,1,1,B
Rock Fire,2021-06-15,40.61468,-122.49164,0.0,11.3,0.0,33.74,22.6,-5.109999656677246,3900.0,283,1.2216379642486572,1,3,C
Flats Fire,2021-06-13,33.5812044,-116.4518615,0.0,32.2,0.0,16.84,33.1,-3.149999618530273,2504.0,1233,1.113155961036682,1,4,D
Watt Fire,2021-06-21,38.728881,-121.39247,0.0,23.0,24.0,42.07,23.6,-6.960000038146973,3770.0,30,5.492961883544922,1,2,B
Paseo Fire,2021-06-25,37.118582,-121.584194,0.0,28.9,51.9,74.51,28.3,-5.050000190734863,3617.0,165,4.642459392547607,1,2,B
Mesa Fire,2021-06-23,33.337282,-117.095858,0.01,16.1,30.6,78.78,17.8,-3.149999618530273,3785.0,491,8.998282432556152,1,4,D
Steins Fire,2021-06-26,38.659971,-120.876096,0.0,8.7,0.0,37.4,26.6,-4.800000190734863,4651.0,457,3.011218309402466,1,1,B
Canyon Fire,2021-06-26,35.442533,-118.793912,0.0,21.9,0.1,33.52,30.3,-4.520000457763672,1788.0,231,47.37963485717773,1,4,C
Dairy Fire,2021-06-15,40.10806,-122.16025,0.0,10.3,0.0,28.32,29.7,-6.930000305175781,2160.0,78,1.5263408422470093,1,3,C
4-3 Fire,2021-06-24,41.562302,-120.497502,0.02,43.7,24.1,41.57,25.0,-5.100000381469727,2331.0,1466,1.23937726020813,1,3,C
Stowe Fire,2021-06-28,33.740058,-117.050236,0.0,21.9,2.0,53.82,27.2,-2.939999580383301,2188.0,462,3.704791784286499,1,3,C
Vulcan Fire,2021-06-27,36.932,-119.735,0.0,29.9,17.7,37.24,25.0,-4.989999771118164,3153.0,94,1.4851137399673462,1,3,C
Beswick Fire,2021-06-28,41.917209,-122.374848,0.0,35.8,19.0,23.93,32.2,-5.680000305175781,6826.0,784,5.058122634887695,1,3,C
Main Fire,2021-07-03,36.10007,-119.017899,0.0,10.1,1.1,35.71,27.8,-4.710000038146973,3809.0,161,2.474539279937744,1,4,D
Fish Fire,2021-07-04,36.802809,-119.393795,0.0,12.3,22.2,38.52,30.2,-5.260000228881836,2984.0,158,3.011179208755493,1,2,B
Shell Fire,2021-06-27,34.919,-118.891,0.0,38.0,0.0,22.46,28.5,-4.279999732971191,3291.0,968,18.710325241088867,1,5,E
Broiler Fire,2021-07-07,39.253647,-123.224377,0.0,15.0,0.0,43.48,27.6,-6.479999542236328,6081.0,250,17.678749084472656,1,2,B
Diablo Fire,2021-07-11,37.865193,-121.667665,0.0,29.8,0.0,42.2,25.9,-6.670000076293945,2117.0,39,4.778913497924805,1,3,C
Sky Fire,2021-06-27,40.039,-121.406,0.0,17.2,6.2,37.99,30.3,-4.970000267028809,6904.0,1850,27.64169692993164,1,2,B
Blue Fire,2021-06-30,37.028657668133,-119.254844094822,0.0,43.6,33.7,38.84,22.3,-5.039999961853027,5009.0,1198,8.31352710723877,1,4,C
Willow Fire,2021-06-18,36.151231,-121.558858,0.0,14.6,14.8,69.61,31.9,-4.5,4152.0,535,10.644460678100586,1,5,E
Nettle Fire,2021-06-18,36.03887,-118.76857,0.0,36.8,0.4,31.53,18.2,-4.739999771118164,3901.0,391,9.5006103515625,1,5,E
Peak Fire,2021-06-28,34.20849,-117.280416,0.0,25.3,12.6,54.95,26.2,-3.510000228881836,4869.0,859,21.61793708801269,1,2,B
Tumbleweed Fire,2021-07-04,34.808751,-118.87933,0.0,31.1,0.0,18.39,28.9,-4.369999885559082,1982.0,1303,9.371167182922363,1,5,D
Dolicini Fire,2021-07-14,38.0975072,-122.7418335,0.0,21.8,46.0,74.16,28.6,-5.970000267028809,3356.0,85,5.1879048347473145,1,2,B
Bradley Fire,2021-07-11,41.25272,-121.82403,0.0,23.0,0.0,27.67,26.4,-5.649999618530273,5954.0,1215,7.160590648651123,1,4,D
Juniper Fire,2021-07-05,41.80728,-120.638464,0.0,25.3,0.0,31.4,26.4,-5.289999961853027,2508.0,1554,1.244104027748108,1,5,E
Tennant Fire,2021-06-28,41.665191,-122.054254,0.0,33.3,11.6,27.65,27.9,-7.369999885559082,3849.0,1474,1.854334115982056,1,5,F
Border 13 Fire,2021-07-15,32.578481,-116.634023,0.0,10.5,40.8,68.56,24.3,-2.550000190734864,2593.0,549,2.3873798847198486,1,1,B
Cannon Fire,2021-07-14,40.1703,-122.64768,0.0,23.0,0.4,36.89,22.0,-5.479999542236328,2990.0,436,9.497817993164062,1,2,B
River Fire,2021-07-11,37.350823,-119.869785,0.0,25.9,12.8,29.53,28.2,-4.609999656677246,3283.0,422,3.883148431777954,1,5,F
Salt Fire,2021-06-30,40.860525,-122.348956,0.0,21.9,4.1,33.57,32.7,-5.380000114440918,6388.0,415,6.719490051269531,1,5,F
Fork Fire,2021-07-17,39.999396,-122.55195,0.0,17.2,0.8,28.57,30.3,-6.159999847412109,2779.0,284,6.046409606933594,1,2,B
Quail Fire,2021-07-20,33.889516,-117.070814,0.0,20.6,1.9,31.68,28.7,-2.729999542236328,2423.0,462,2.164454936981201,1,2,B
Frenchtown Fire,2021-07-20,39.383922,-121.24684,0.0,20.8,0.5,28.8,28.9,-5.350000381469727,5563.0,494,6.037959575653076,1,2,B
Chicken Fire,2021-07-18,40.86955,-120.45187,0.0,19.7,1.1,23.41,26.7,-3.9600000381469727,1571.0,1616,2.2226874828338623,1,2,B
Coyote Fire,2021-07-09,41.28523,-121.77593,0.0,6.9,0.3,28.91,28.4,-6.260000228881836,7476.0,1425,14.577677726745604,1,3,C
Road Fire,2021-07-10,32.82731,-116.6253,0.0,19.7,1.6,52.92,23.9,-2.289999961853028,3267.0,1045,7.802775859832764,1,3,B
Dexter Fire,2021-07-12,37.8024,-118.8745,0.0,39.7,12.0,34.56,17.6,-3.779999732971192,5460.0,2690,5.920886039733887,1,5,E
Henry Fire,2021-06-25,38.4504695,-119.7512546,0.0,20.8,19.7,49.12,9.3,-4.640000343322754,5305.0,2743,25.63179397583008,1,5,E
Tobin Fire,2021-07-31,35.65927,-120.560856,0.0,26.4,2.8,49.08,27.8,-3.25,3443.0,295,1.1413774490356443,1,2,B
Hiding Fire,2021-08-01,40.466364,-122.482826,0.0,20.8,0.2,30.32,26.9,-6.819999694824219,3283.0,275,1.5314624309539795,1,2,B
Hungry Fire,2021-07-31,34.7479248,-118.8217926,0.0,29.8,0.5,21.95,30.0,-3.75,2136.0,1006,1.854334115982056,1,4,D
House Fire,2021-08-04,40.604986,-122.506112,0.0,20.8,0.0,22.14,19.6,-7.800000190734863,3959.0,335,11.573129653930664,1,2,B
Nelson Fire,2021-08-07,41.034362,-121.89008,0.0,8.4,94.7,37.06,20.7,-6.310000419616699,7384.0,685,8.636116981506348,1,1,B
Middle Fire,2021-08-13,38.250596,-122.727542,0.0,25.3,45.8,78.26,21.2,-6.590000152587891,3384.0,101,4.495874404907227,1,1,B
Coyote Fire,2021-08-13,38.826123,-122.581257,0.0,19.7,32.1,63.22,13.2,-6.090000152587891,3629.0,362,4.51814603805542,1,3,C
Antonio Fire,2021-08-03,34.23604,-117.65989,0.0,19.7,4.2,26.77,27.3,-3.0299997329711914,6215.0,1289,8.606096267700195,1,2,B
Park Fire,2021-07-26,36.199833,-118.722167,0.0,12.1,9.5,35.65,17.2,-5.170000076293945,6963.0,1356,14.351581573486328,1,3,C
Peak Fire,2021-07-20,35.41153,-118.46461,0.0,24.2,1.8,28.23,31.6,-4.060000419616699,2699.0,1390,28.811203002929688,1,5,E
Evans Fire,2021-07-29,40.183504,-120.8468224,0.0,21.9,0.0,24.71,19.4,-5.050000190734863,6918.0,1227,9.192978858947754,1,3,B
Robie Fire,2021-07-30,38.054116,-120.867498,0.0,12.1,0.2,32.76,21.7,-4.279999732971191,2461.0,90,0.0,1,3,C
Bear Fire,2021-07-11,34.85178,-118.81448,0.0,35.8,0.0,18.38,27.1,-4.329999923706055,3124.0,1104,10.127628326416016,1,2,B
Hambone Fire,2021-08-06,41.68499,-121.53946,0.0,11.8,0.0,43.57,27.6,-6.600000381469727,2649.0,1623,10.38516330718994,1,2,B
Glen Fire,2021-08-11,39.403918,-121.30845,0.0,8.8,22.7,30.24,25.4,-5.050000190734863,6257.0,604,8.048077583312988,1,3,C
Mule Fire,2021-08-25,40.616416,-122.514391,0.0,17.2,0.0,32.91,22.2,-8.149999618530273,3563.0,456,12.79333782196045,1,1,B
Rock Fire,2021-08-24,33.474823,-116.659688,0.0,19.7,0.0,36.33,22.6,-2.649999618530273,3108.0,1303,6.192820549011231,1,4,C
Westward Fire,2021-08-25,33.918089,-116.877776,0.0,26.0,10.7,27.11,15.0,-2.2200002670288086,2022.0,695,1.452082276344299,1,3,C
Bennett Fire,2021-08-25,39.216752,-121.040771,0.0,18.4,24.6,33.66,14.2,-5.5,4232.0,778,12.75832176208496,1,2,B
Roadside Fire,2021-08-28,34.25145,-117.4546,0.0,23.0,6.7,39.7,25.8,-2.4200000762939453,2920.0,747,1.854334115982056,1,2,B
Lava Fire,2021-06-24,41.459,-122.329,0.0,33.3,6.6,41.65,23.1,-6.729999542236328,6060.0,1310,8.646459579467773,1,5,F
Washington Fire,2021-08-26,37.962933,-120.402221,0.0,10.1,3.9,33.66,26.4,-4.479999542236328,4551.0,471,5.450223445892334,1,3,C
Lassen Fire,2021-09-01,38.0591827,-122.6131992,0.0,17.2,26.6,75.92,22.0,-4.979999542236328,3898.0,486,19.938270568847656,1,2,B
Airola Fire,2021-08-25,38.038795,-120.454797,0.0,9.2,2.5,38.06,19.4,-5.289999961853027,3140.0,328,1.177461862564087,1,4,D
Lawrence Fire,2021-09-05,38.529123,-120.731748,0.0,11.4,32.9,17.82,21.0,-4.369999885559082,4802.0,674,4.731647491455078,1,2,B
K-Rail,2021-08-30,41.03877,-123.52733,0.0,25.3,59.3,86.57,23.8,-4.550000190734863,7906.0,1063,15.368171691894531,1,1,B
Caballo Fire,2021-09-06,34.6776,-120.09009,0.0,19.7,15.1,65.33,20.2,-3.119999885559082,3241.0,332,2.2544960975646973,1,2,B
Pinnacles Fire,2021-07-28,36.476664,-121.224797,0.0,28.9,32.2,75.06,27.9,-3.8999996185302734,3637.0,595,8.670624732971191,1,3,C
Knob Fire,2021-08-29,40.8652,-123.6744,0.0,12.5,68.4,89.64,24.3,-4.5,8838.0,881,30.271175384521484,1,5,E
Chaparral Fire,2021-08-28,33.484721,-117.39309,0.0,17.2,16.0,64.19,24.0,-2.609999656677246,5187.0,620,17.96977996826172,1,5,E
Pomo Fire,2021-06-17,39.16338,-122.916,0.0,16.1,0.1,38.51,34.3,-5.909999847412109,6958.0,407,2.5642354488372803,1,2,B
Bridge Fire,2021-09-05,38.921239,-121.036613,0.0,11.4,5.6,19.79,21.4,-4.170000076293945,4977.0,221,41.717716217041016,1,4,D
Cache Fire,2021-08-18,38.928133,-122.601395,0.0,9.9,72.0,57.03,25.5,-6.909999847412109,3810.0,443,4.0225372314453125,1,3,B
Childrens Fire,2021-09-19,36.89365,-119.792528,0.0,27.6,30.8,56.08,20.6,-3.920000076293945,2955.0,109,0.9274099469184875,1,2,B
Walkers Fire,2021-08-16,36.268,-118.555,0.0,9.5,0.0,44.56,21.3,-4.279999732971191,4000.0,2263,26.70339584350586,1,5,F
Route Fire,2021-09-11,34.569383,-118.688821,0.0,29.8,1.5,31.21,24.2,-3.369999885559082,2666.0,778,5.659314632415772,1,4,D
Hopkins Fire,2021-09-12,39.232362,-123.202039,0.0,20.8,0.0,37.99,23.0,-8.520000457763672,4553.0,205,1.854334115982056,1,4,C
Fremont Fire,2021-09-22,38.269863,-122.416983,0.0,19.7,19.0,69.49,21.6,-6.090000152587891,3451.0,23,1.1811935901641846,1,3,C
University Fire,2021-09-22,34.164501,-117.333215,0.0,26.5,10.6,32.98,20.4,-2.380000114440918,2214.0,444,3.3589391708374023,1,2,B
Beckwourth Complex,2021-07-04,39.83203,-120.3415,0.02,25.3,38.6,38.11,18.9,-5.810000419616699,2606.0,1495,0.9274099469184875,1,5,F
Fawn Fire,2021-09-22,40.729811,-122.320243,0.0,10.7,0.1,33.81,15.4,-4.779999732971191,5706.0,299,9.697775840759276,1,5,F
Maxwell Fire,2021-10-05,40.649917,-123.02375,0.0,20.8,6.6,35.46,16.2,-4.270000457763672,7245.0,753,10.370237350463867,1,2,B
Kettle Fire,2021-10-11,35.983649,-119.960099,0.0,44.1,41.3,39.94,17.6,-2.510000228881836,1969.0,119,4.414613246917725,1,4,D
View Fire ,2021-10-11,40.287225,-122.436754,0.0,34.4,1.4,25.21,14.8,-4.670000076293945,4875.0,235,6.89936637878418,1,1,B
Newell Fire,2021-10-11,38.170366,-122.241128,0.0,38.7,0.0,33.85,17.8,-5.439999580383301,3470.0,31,5.113761901855469,1,3,C
Gravel Fire,2021-10-15,41.862388,-120.358206,0.0,8.4,0.0,47.45,27.0,-4.529999732971191,3298.0,1436,1.552423119544983,1,4,C
Aruba Fire,2021-09-05,33.380079,-117.111157,0.0,21.9,2.2,40.97,23.9,-2.0699996948242188,4262.0,311,3.86678147315979,1,2,B
Estrada Fire,2021-10-15,37.013464,-121.752106,0.0,17.2,0.0,37.6,14.6,-3.510000228881836,5424.0,256,6.935219764709473,1,3,C
Hollow Fire,2021-10-24,37.62879,-121.52692,2.55,40.0,99.8,87.14,6.1,-4.720000267028809,2175.0,181,4.771973609924316,1,3,C
Tamarack Fire,2021-07-04,38.6280042,-119.8591887,0.07,23.0,13.4,49.12,30.0,-4.430000305175781,4336.0,2324,3.675456285476685,1,5,F
Alisal Fire,2021-10-11,34.553,-120.136,0.0,41.2,34.7,66.2,18.9,-2.619999885559082,4868.0,183,5.279648303985596,1,5,F
Colorado Fire,2022-01-21,36.396461,-121.880533,0.0,10.1,0.6,53.65,12.5,-1.8500003814697263,8105.0,202,10.614075660705566,1,4,D
Emerald Fire ,2022-02-10,33.558085,-117.805666,0.0,40.3,0.0,18.68,16.0,-1.6800003051757812,5993.0,113,29.266277313232425,1,3,C
Airport Fire,2022-02-16,37.369355,-118.371813,0.0,50.8,3.2,39.03,14.7,1.6499996185302734,1666.0,1256,3.883234739303589,1,5,E
Alpine Fire ,2022-03-01,38.46234,-123.015106,0.0,15.0,18.8,75.92,14.7,3.700000762939453,8179.0,139,18.40115737915039,1,1,B
Evergreen Fire ,2022-03-12,41.4455854,-122.3685584,0.02,59.9,29.8,38.97,17.9,-4.829999923706055,5601.0,1069,1.2371468544006348,1,1,B
Flanagan Fire ,2022-03-04,40.67671,-122.4073,0.0,31.0,36.5,43.14,7.8,-1.2200002670288086,5456.0,266,6.709780216217041,1,3,B
Gulch Fire ,2022-03-12,41.9525087,-121.9015432,0.01,50.5,30.7,43.19,16.7,-4.899999618530273,1490.0,1295,0.9274099469184875,1,3,C
Whitlow Fire,2022-03-25,41.234712,-121.692093,0.0,5.8,0.0,52.79,20.7,-3.930000305175781,5603.0,1292,4.131796836853027,1,1,B
Platina Fire,2022-04-27,40.44412,-122.690559,0.0,8.8,13.6,36.52,24.3,-3.2799997329711914,4074.0,462,2.218402147293091,1,1,B
111 Fire,2022-04-30,33.510716,-115.916687,0.0,34.4,0.1,21.98,30.3,-3.539999961853028,1313.0,-56,2.894191265106201,1,1,B
Pyrite Fire ,2022-05-06,34.018021,-117.462367,0.0,24.2,12.5,43.41,22.0,-3.390000343322754,1705.0,266,2.90432071685791,1,2,B
Dunnigan Fire ,2022-05-20,38.824462,-122.049621,0.0,41.8,8.5,17.09,30.7,-4.579999923706055,3489.0,108,1.5088073015213013,1,3,C
Willow Fire ,2022-05-20,38.015611,-121.998735,0.0,39.1,0.0,26.32,27.9,-2.550000190734864,3411.0,92,9.386322021484377,1,1,B
Edmonston Fire,2022-05-19,34.935583,-118.873889,0.0,43.7,0.0,33.95,28.3,-4.029999732971191,2558.0,424,21.96967506408692,1,4,D
Wilder Fire,2022-05-24,40.150329,-122.275649,0.0,32.2,0.0,17.24,28.2,-5.300000190734863,3161.0,117,3.032714366912842,1,3,B
Bull Fire ,2022-05-24,35.0155237,-120.3564497,0.0,9.4,8.7,73.18,30.9,-3.810000419616699,3723.0,253,14.033645629882812,1,2,B
Elk Fire,2022-05-26,34.090619,-116.447636,0.0,31.1,0.0,23.7,29.9,-3.390000343322754,1824.0,1166,4.759793281555176,1,4,D
River Fire ,2022-05-24,39.2333948,-122.0246463,0.0,25.2,0.0,30.28,30.8,-5.890000343322754,3364.0,19,1.5142581462860107,1,4,D
Range Fire,2022-06-03,35.199501,-118.721683,0.0,32.2,0.0,35.83,27.9,-4.659999847412109,3331.0,559,20.04399299621582,1,3,B
Old Fire,2022-05-31,38.370078,-122.270417,0.0,27.7,0.2,42.8,32.9,-3.1700000762939453,4155.0,122,8.610830307006836,1,4,D
Lost Lake Fire ,2022-05-26,34.010838,-114.484173,0.0,29.8,5.8,14.71,29.9,-3.810000419616699,1667.0,100,4.759548187255859,1,5,F
Eagle Fire,2022-06-06,35.72373,-120.56019,0.0,34.3,35.3,54.47,30.3,-3.5799999237060547,2223.0,317,3.704791784286499,1,2,B
Marsh Fire,2022-06-09,37.895892,-121.696808,0.0,21.9,0.0,47.23,14.9,-3.359999656677246,5899.0,32,0.9274099469184875,1,3,C
Park Fire,2022-06-09,39.385829,-121.431372,0.0,20.8,0.5,45.07,45.7,-2.5699996948242188,4986.0,157,15.787477493286133,1,2,B
Barrett Fire,2022-06-12,32.8134303,-116.5882585,0.0,18.3,20.5,64.53,31.6,-2.8199996948242188,5904.0,1210,2.880708694458008,1,2,B
Brandie Fire,2022-06-11,39.319804,-121.392285,0.0,23.0,11.3,39.38,28.4,-2.5799999237060547,4225.0,164,5.128101825714111,1,2,B
Border 13 Fire,2022-06-13,32.614832,-116.737119,0.0,19.7,79.4,74.5,29.2,-2.9200000762939453,2854.0,454,4.310920238494873,1,4,D
Rancho Fire,2022-06-13,40.00919,-122.45621,0.0,31.6,0.0,29.66,31.4,-5.5,3539.0,206,5.870285034179688,1,4,D
Sheep Fire,2022-06-12,34.355593,-117.61508,0.0,25.3,1.8,53.75,32.3,-3.050000190734864,3856.0,1757,8.127092361450195,1,5,D
Graham Fire,2022-06-10,40.05,-121.776,0.0,25.3,9.8,28.97,26.3,-2.3299999237060547,6121.0,602,23.2337589263916,1,3,C
Border 16,2022-06-21,32.567333,-116.750667,0.0,9.0,32.5,69.99,28.6,-3.1599998474121094,3551.0,190,18.775115966796875,1,2,B
99 Fire,2022-06-22,39.37879,-121.68694,0.0,29.8,1.5,26.61,39.9,-5.420000076293945,6834.0,28,0.0,1,2,B
Romero Fire,2022-06-23,38.42619,-121.97785,0.0,32.2,0.4,27.82,25.3,-4.090000152587891,2747.0,52,1.1837462186813354,1,4,D
Timm Fire,2022-06-23,38.42619,-121.97785,0.0,32.2,0.4,27.82,25.3,-4.090000152587891,2747.0,52,1.1837462186813354,1,1,B
Kirker Fire ,2022-06-24,37.97689,-121.908735,0.0,20.8,0.1,42.87,30.9,-3.2200002670288086,2565.0,181,30.34640121459961,1,3,B
Tesla Fire,2022-06-23,37.365652,-121.556086,0.0,14.4,15.6,52.11,29.4,-4.140000343322754,2794.0,703,19.77930450439453,1,4,D
Scenic Fire ,2022-06-23,38.046255,-122.191103,0.0,25.1,0.5,40.64,24.4,-3.810000419616699,3999.0,29,11.93891716003418,1,3,C
Roblar Fire ,2022-06-27,38.323263,-122.796221,0.0,19.7,48.1,79.07,15.7,-2.729999542236328,5117.0,56,9.832242012023926,1,2,B
Edgewood,2022-06-21,37.459222,-122.27742,0.0,31.1,2.5,37.9,31.6,-3.880000114440918,4426.0,234,3.704791784286499,1,1,B
Thunder Fire ,2022-06-22,34.936618,-118.889446,0.07,43.6,50.7,38.35,17.7,-4.060000419616699,2335.0,415,6.490441799163818,1,5,E
Redwood Fire,2022-06-27,38.163521,-122.574563,0.0,21.9,27.8,70.63,24.1,-3.25,3819.0,17,9.482728958129885,1,3,C
Burrows Fire ,2022-06-28,39.713372,-122.55002,0.0,20.8,0.0,22.98,21.8,-5.430000305175781,2624.0,264,2.7802884578704834,1,4,D
Ridge Fire,2022-06-26,41.317476,-122.359698,0.0,26.4,0.0,32.5,27.8,-3.729999542236328,6853.0,1228,5.228410243988037,1,1,B
Union Fire,2022-06-25,33.968307,-117.462524,0.0,25.2,0.0,31.05,24.6,-3.130000114440918,1762.0,226,2.9960708618164062,1,3,C
Nelson Fire,2022-06-30,39.524038,-121.650851,0.0,23.0,0.0,45.14,49.7,-4.159999847412109,5224.0,48,3.02834153175354,1,4,C
Canyon Fire ,2022-06-23,37.642217,-121.903018,0.0,16.7,2.7,42.16,26.9,-3.9499998092651367,5859.0,146,9.332852363586426,1,2,B
Camino Fire,2022-06-28,35.136141,-120.437395,0.0,10.9,30.3,70.62,27.1,-3.659999847412109,4348.0,205,5.306689739227295,1,4,D
Sandra Fire,2022-06-30,39.480813,-121.366789,0.0,23.0,0.0,40.56,49.2,-1.170000076293945,5716.0,636,10.506417274475098,1,1,B
Nome Fire,2022-07-05,39.8166571,-123.2055576,0.02,17.6,94.0,67.2,20.0,-3.380000114440918,4065.0,420,2.2122812271118164,1,1,B
Jan-Dar Fire,2022-07-04,39.42972,-121.430071,0.0,19.7,53.3,51.88,45.2,-2.039999961853028,4855.0,192,3.670523166656494,1,1,B
Table Fire,2022-07-01,37.013878,-119.576797,0.0,12.7,23.8,37.19,28.7,-4.390000343322754,3054.0,372,0.9274099469184875,1,2,B
Garrison Fire,2022-07-04,35.8640822,-120.819059,0.0,33.3,2.3,55.84,30.0,-3.060000419616699,2621.0,179,6.488492012023926,1,3,C
Porter Fire,2022-07-09,39.020051,-121.344587,0.0,19.7,0.0,45.78,31.2,-5.229999542236328,2277.0,38,1.854334115982056,1,3,C
Bay Fire,2022-07-08,39.300253,-121.372749,0.0,10.0,0.0,43.68,30.3,-2.2799997329711914,4943.0,188,14.385883331298828,1,1,B
Rices Fire,2022-06-28,39.319145,-121.192271,0.0,13.9,0.0,19.33,23.4,-2.59000015258789,6480.0,408,18.50506591796875,1,5,D
Herman Fire,2022-07-13,38.0936839,-122.1347757,0.0,38.0,34.8,64.76,24.2,-3.739999771118164,2684.0,41,4.38678789138794,1,3,C
Harbison,2022-07-12,32.7947379,-116.8460273,0.0,16.7,43.1,72.3,25.0,-3.060000419616699,2948.0,184,1.4410884380340576,1,2,B
Grant Fire,2022-07-14,38.5570067,-121.1183895,0.0,20.8,0.7,46.06,26.9,-2.9099998474121094,2799.0,57,2.3707878589630127,1,2,B
Riosa Fire,2022-07-17,38.9848309,-121.340201,0.0,16.1,0.0,25.08,29.8,-4.619999885559082,2650.0,34,1.854334115982056,1,2,B
Hesperia Fire,2022-06-06,34.31267,-117.34635,0.0,19.7,5.4,60.07,29.9,-1.9700002670288088,2941.0,994,0.9274099469184875,1,3,B
Rainbow Fire,2022-07-16,40.010233,-122.433855,0.0,16.9,0.1,21.06,30.5,-5.310000419616699,4185.0,237,7.285060405731201,1,2,B
Peter Fire ,2022-07-14,40.4411992,-122.3182313,0.0,19.7,10.5,28.16,28.7,-5.300000190734863,4100.0,149,6.139884471893311,1,4,D
Border 27 Fire,2022-07-17,32.6077664,-116.6077664,0.0,20.8,36.5,80.23,21.4,-2.6999998092651367,2957.0,721,4.767822742462158,1,3,C
Flynn Fire ,2022-07-19,37.719206,-121.656106,0.0,16.9,2.0,44.79,30.5,-4.050000190734863,2257.0,287,15.619781494140623,1,3,C
Slate Fire ,2022-07-21,37.935092,-120.4422218,0.0,9.4,0.0,23.85,30.1,-4.010000228881836,3459.0,419,6.019293308258057,1,2,B
Meadow Fire ,2022-07-19,39.058043,-123.33756,0.0,20.8,0.8,37.36,25.9,-2.270000457763672,7187.0,673,7.4727888107299805,1,1,B
Anzar Fire,2022-07-21,36.8927679,-121.604728,0.0,24.2,26.7,70.87,25.9,-4.409999847412109,4232.0,132,13.656503677368164,1,3,C
Winding Fire,2022-07-18,39.314076,-121.27693,0.0,13.9,2.2,23.93,29.5,-1.7100000381469729,5466.0,645,4.03989839553833,1,3,B
Casner Fire,2022-07-27,33.0819687,-116.7626279,0.0,18.3,29.4,64.15,27.9,-2.989999771118164,3455.0,839,5.685104370117188,1,3,C
Highway Fire,2022-07-29,34.312437,-117.3463886,0.0,23.0,15.7,53.73,27.7,-1.6899995803833008,2789.0,993,0.9274099469184875,1,1,B
Pebble Fire,2022-07-31,36.6760553,-119.1902259,0.0,10.6,32.3,43.48,12.2,-4.369999885559082,3279.0,385,2.311618566513061,1,2,B
Apple Fire,2022-07-27,39.323167,-121.304167,0.0,7.1,7.2,38.4,28.5,-3.8199996948242174,5409.0,395,20.05896377563477,1,2,B
Springs Fire,2022-08-03,37.84349,-120.50806,0.0,12.3,0.0,37.03,27.0,-3.260000228881836,3268.0,328,7.962272644042969,1,2,B
Shackleford Fire,2022-07-30,41.5734543,-123.0213226,0.0,40.3,11.6,28.21,19.7,-3.5699996948242188,7517.0,1169,21.602275848388672,1,1,B
Washburn Fire,2022-07-07,37.499,-119.614,0.0,33.3,0.0,56.31,21.4,-3.050000190734864,6848.0,1712,11.89831829071045,1,5,E
Marmot Fire,2022-08-02,36.378236,-118.853671,0.0,9.3,0.2,45.07,26.4,-4.390000343322754,4747.0,529,7.119674682617188,1,3,C
Meamber Fire,2022-07-31,41.640867,-122.988315,0.06,10.8,44.6,37.43,20.9,-4.010000228881836,4444.0,823,17.662918090820312,1,2,B
Sam Fire,2022-08-10,34.765322,-118.732882,0.0,30.0,0.0,29.19,27.5,-3.3199996948242188,2437.0,1032,2.7802884578704834,1,3,C
3-8 Fire,2022-08-08,41.060445,-121.211449,0.03,31.6,25.6,38.93,25.7,-2.7100000381469727,5285.0,1407,1.854334115982056,1,1,B
Smokey Fire ,2022-08-04,41.9708541,-122.7825581,0.0,21.9,31.8,26.57,16.3,-2.869999885559082,7611.0,945,4.653244018554688,1,1,B
Kelsey Fire,2022-07-30,41.6430162,-123.1193265,0.0,40.3,12.1,27.6,19.7,-2.9200000762939453,7616.0,789,31.726078033447266,1,3,B
Eden Fire,2022-08-15,37.70049,-121.97822,0.0,13.3,3.1,58.22,26.3,-2.6700000762939453,2260.0,241,13.213637351989746,1,2,B
Mesa Fire,2022-07-30,35.5745007,-118.4125811,0.0,29.8,6.4,28.27,21.6,-3.689999580383301,2685.0,1086,14.807266235351562,1,4,C
Rail Fire,2022-08-14,35.2882644,-118.6292243,0.0,28.9,0.0,23.78,27.5,-3.3500003814697266,2248.0,408,12.087115287780762,1,4,C
Point Fire,2022-08-20,38.9494,-122.6556,0.0,18.3,2.4,52.73,26.9,-4.680000305175781,4061.0,459,2.7802884578704834,1,1,B
Wishon Fire,2022-08-15,36.17768,-118.71829,0.0,10.0,0.0,35.14,28.2,-4.609999656677246,5039.0,1187,16.208892822265625,1,4,D
Pleasant Fire,2022-08-20,39.2805,-121.1329,0.0,16.1,0.0,22.72,25.3,-1.869999885559082,5807.0,604,3.027676105499268,1,2,B
Oak Fire,2022-08-15,39.04941,-120.9526,0.0,15.0,0.3,16.28,5.2,-1.6499996185302734,6260.0,616,10.096575736999512,1,1,B
Ranch Fire,2022-08-29,41.4626,-123.9477,0.0,10.3,94.4,92.97,14.2,2.5699996948242188,8602.0,126,25.709630966186523,1,1,B
Still Fire,2022-08-27,39.0543,-121.1103,0.0,16.1,0.0,31.98,17.0,-2.020000457763672,5654.0,395,3.662197589874268,1,2,B
Quail Fire,2022-08-17,34.48202,-118.60811,0.0,25.3,5.7,27.96,26.9,-2.8199996948242188,2229.0,341,4.49151086807251,1,2,B
Branstetter Fire ,2022-09-01,40.5336,-122.3975,0.0,16.1,0.0,20.57,21.9,-4.439999580383301,4036.0,155,5.887583255767822,1,1,B
McCovey Fire,2022-08-29,41.4672,-123.9277,0.0,10.3,94.4,92.98,14.2,2.5699996948242188,8317.0,485,39.648284912109375,1,1,B
Tower Fire,2022-09-02,38.0182816,-120.7489517,0.0,10.4,0.1,22.99,18.9,-3.289999961853028,2606.0,326,3.886311054229736,1,2,B
Woods Fire,2022-09-01,37.968,-120.4013,0.0,8.0,6.5,25.76,24.8,-3.59000015258789,4842.0,564,21.509260177612305,1,1,B
Border 32,2022-08-31,32.612181,-116.707395,0.0,20.8,5.1,55.26,19.3,-2.609999656677246,2651.0,267,7.458759784698486,1,5,E
Sandia Fire,2022-09-04,33.432924,-117.246996,0.0,24.2,4.8,52.23,21.1,-2.930000305175781,5038.0,173,21.02157974243164,1,1,B
Caesar Fire,2022-09-05,33.064629,-116.811345,0.0,23.0,0.3,55.0,23.4,-2.869999885559082,3054.0,596,1.4436674118041992,1,2,B
Rosa Fire,2022-09-06,35.580125,-121.012313,0.0,13.9,0.0,34.64,23.8,-3.369999885559082,3398.0,85,5.662088394165039,1,1,B
Route Fire,2022-08-31,34.5255,-118.6479,0.0,33.3,0.9,20.42,23.4,-2.770000457763672,2182.0,483,9.45744514465332,1,5,F
Gulch Fire,2022-08-29,34.2026,-117.8608,0.0,13.2,15.9,61.75,19.4,-2.1700000762939453,4329.0,450,33.34788131713867,1,3,C
Walker Fire,2022-09-01,39.3669,-123.3159,0.0,11.4,0.0,31.15,23.7,-1.1000003814697266,7155.0,482,6.037731647491455,1,3,C
62 Fire,2022-06-04,33.59823,-116.23339,0.0,33.2,0.0,27.28,25.3,-3.2100000381469727,3426.0,-27,2.162504911422729,1,2,B
Power Fire ,2022-09-06,37.080478,-119.485927,0.0,12.6,14.9,30.62,21.7,-3.520000457763672,3542.0,615,6.009037017822266,1,3,C
Fork Fire ,2022-09-07,37.21945,-119.50881,0.0,23.0,26.8,29.22,21.8,-3.489999771118164,5030.0,849,7.862291812896728,1,5,D
Coyote Fire,2022-09-07,41.8739166,-121.839853,0.0,31.1,11.6,36.77,11.5,-3.979999542236328,3509.0,1826,15.280997276306152,1,4,C
Hill Fire,2022-09-06,39.1252,-120.816083,0.0,18.3,0.5,17.03,24.3,-1.3100004196166992,8134.0,1127,4.859732151031494,1,1,B
Forward Fire,2022-09-09,40.44109,-121.81822,0.0,23.0,0.7,12.41,20.1,-2.75,7004.0,811,4.092682838439941,1,3,C
Garden Fire,2022-09-17,39.9929,-121.2122,0.0,29.8,5.7,45.07,15.3,-1.3199996948242188,4438.0,1451,37.259063720703125,1,1,B
Dutch Fire,2022-09-13,39.1902,-120.8266,0.0,21.9,61.1,46.85,21.7,-1.579999923706055,8155.0,1082,13.664875984191896,1,2,B
Mountain Fire ,2022-09-02,41.459009,-122.627469,0.0,36.7,13.2,22.54,23.4,-3.689999580383301,5510.0,1156,31.443777084350582,1,5,F
Mill Fire,2022-09-02,41.4303,-122.3852,0.0,36.7,13.2,24.9,20.4,-5.460000038146973,3109.0,1059,0.9274099469184875,1,5,E
97 Fire,2022-09-27,41.4987,-122.3414,0.0,32.2,0.9,46.78,15.9,-4.010000228881836,2424.0,1027,2.642799139022827,1,1,B
Wolf Fire,2021-01-19,34.99432,-119.185309,0.0,55.1,29.9,26.13,8.5,-2.3299999237060547,2074.0,446,1.854334115982056,1,5,D
Sargents Fire,2021-05-30,35.932852,-120.854096,0.0,13.8,33.2,54.56,28.1,-1.630000114440918,2536.0,216,14.888145446777344,1,5,E
Southern Fire,2021-05-02,32.987532,-116.443391,0.03,10.5,98.4,76.33,31.3,-3.2100000381469727,1966.0,637,0.9274099469184875,1,5,F
Gunnison Fire,2021-05-08,39.85479,-121.91936,0.0,36.2,8.2,18.38,27.6,-6.229999542236328,3497.0,71,2.414942502975464,1,4,D
Intanko Fire,2021-06-08,39.084872,-121.333346,0.0,28.7,1.3,43.68,27.5,-7.610000133514404,3177.0,70,5.202648162841797,1,5,D
South Fire,2021-08-25,34.186147,-117.440263,0.0,20.8,13.3,44.81,22.3,-2.680000305175781,2279.0,628,2.241293430328369,1,4,D
Success Fire,2021-06-18,36.03223,-118.85799,0.0,36.8,0.2,31.88,21.7,-4.300000190734863,2410.0,263,1.854334115982056,1,5,D
River Fire,2021-08-04,39.08805,-121.01468,0.0,17.2,10.8,17.22,19.5,-5.039999961853027,6604.0,714,9.490118026733398,1,5,E
Antelope Fire,2021-08-01,41.5289901,-121.9154934,0.0,24.2,5.9,44.94,24.4,-6.159999847412109,5308.0,1615,3.711610555648804,1,5,F
Monument Fire,2021-07-30,40.752,-123.337,0.0,21.9,69.5,92.41,18.0,-5.5,7587.0,1182,28.11200904846192,2,5,F
Dixie Fire,2021-07-13,39.871306,-121.389439,0.0,20.1,1.3,37.45,25.2,-5.600000381469727,5870.0,962,24.798206329345703,5,5,F
River Complex,2021-07-30,41.389,-123.057,0.0,26.4,5.0,37.34,16.0,-5.159999847412109,2975.0,2104,34.123016357421875,1,5,F
Radford Fire,2022-09-06,34.177,-116.882,0.0,20.8,0.1,37.66,21.9,-2.140000343322754,6120.0,1881,9.307726860046388,1,5,E
Walker Fire,2020-06-16,38.07741,-120.72958,0.0,24.7,1.8,47.81,25.3,-0.9300003051757812,3146.0,377,2.196474075317383,1,5,E
Crews Fire,2020-07-05,37.034839,-121.501532,0.0,20.8,0.4,53.69,30.2,-1.7799997329711914,3068.0,199,3.602160215377808,1,5,F
Creek Fire,2020-08-18,39.8174372,-123.2111007,0.0,30.0,0.0,50.25,20.1,-3.560000419616699,4048.0,420,0.9274099469184875,1,5,D
Silverado Fire ,2020-10-26,33.73614,-117.65719,0.0,44.0,22.9,19.51,17.1,1.4699993133544922,3877.0,334,12.646769523620604,1,5,F
Blue Ridge Fire ,2020-10-26,33.877257,-117.675067,0.0,51.0,10.9,18.95,14.5,0.7100000381469727,3900.0,185,22.673858642578125,1,5,F
Amoruso Fire,2020-06-01,38.824371,-121.390862,0.0,4.5,34.0,52.12,30.2,-2.439999580383301,2966.0,27,1.1903382539749146,1,4,D
Soda Fire,2020-06-10,35.35146,-120.00521,0.0,31.1,0.0,35.91,32.7,-0.0500001907348632,2641.0,612,0.9274099469184875,1,5,E
Branch Fire,2020-07-28,35.35146,-120.00521,0.0,15.7,42.5,70.6,31.1,-0.75,2228.0,612,0.9274099469184875,1,5,E
Elizabeth Fire,2020-06-10,34.29475,-119.17808,0.0,10.7,2.5,37.14,28.5,-0.0299997329711914,5069.0,119,2.9099643230438232,1,4,D
Bitter Fire ,2020-06-16,36.3011,-120.92925,0.0,29.8,1.8,57.99,28.7,-1.270000457763672,2340.0,290,2.181928396224976,1,5,D
Rico Fire ,2020-06-22,35.9789,-120.87858,0.0,32.2,8.7,64.61,28.2,-0.5299997329711914,3396.0,145,3.556726217269897,1,4,D
Bena Fire,2020-07-01,35.310132,-118.702732,0.0,23.0,0.0,29.02,27.7,-0.8999996185302734,2368.0,305,1.4666703939437866,1,5,E
Bonadelle Fire,2020-07-02,36.9678542,-119.9252132,0.0,11.4,0.6,45.82,29.6,-2.09000015258789,2700.0,100,2.969091892242432,1,4,D
Park Fire,2020-07-04,37.166733,-121.567505,0.0,14.7,9.8,58.58,30.2,-1.890000343322754,5394.0,576,6.085031509399414,1,4,D
Lake Fire,2020-07-05,35.351065,-120.00485,0.0,26.4,0.0,50.31,33.0,-0.630000114440918,2402.0,612,0.9274099469184875,1,4,D
Coyote Fire,2020-07-15,36.653,-121.04401,0.0,23.0,51.3,72.29,24.0,-1.3199996948242188,3256.0,602,19.067737579345703,1,5,E
Platina Fire,2020-07-19,40.462621,-122.792645,0.0,16.1,0.0,37.88,25.3,-2.84000015258789,6957.0,838,33.03499221801758,1,4,D
Gold Fire,2020-07-20,41.11037,-120.923293,0.0,11.4,0.0,29.13,29.3,-2.25,2714.0,1347,0.9274099469184875,1,5,F
Clay Fire,2020-07-29,38.40329,-121.17197,0.0,15.0,0.0,48.42,23.0,-3.539999961853028,2876.0,41,2.1993119716644287,1,4,D
Pond Fire,2020-08-01,35.43128,-120.47346,0.0,24.2,14.4,56.9,27.4,1.1100006103515625,3112.0,473,7.334465026855469,1,5,E
Pass Fire,2020-08-04,35.61521,-120.40457,0.0,25.3,23.2,61.65,27.0,-1.369999885559082,2183.0,377,2.9380996227264404,1,4,D
Whale Fire,2020-08-15,35.472114,-120.856731,0.01,20.8,9.7,51.1,16.9,-1.6999998092651367,4287.0,79,6.562715530395508,1,4,D
CZU Lightning Complex (Including Warnella Fire) ,2020-08-16,37.17162,-122.22275,0.01,25.3,40.1,51.46,24.7,-2.3500003814697266,8982.0,325,7.00999641418457,1,5,F
Butte/Tehama/Glenn Lightning Complex (Tehama/Glenn Zone) ,2020-08-17,40.09571,-122.4393,0.0,13.0,15.8,42.25,4.9,-3.109999656677246,3691.0,156,3.032325506210327,1,5,F
"LNU Lightning Complex (includes Hennessey, Gamble, 15-10, Spanish, Markley, 13-4, 11-16, Walbridge)",2020-08-17,38.48193,-122.14864,0.0,25.6,15.6,41.73,15.3,-3.7200002670288086,5499.0,334,25.984189987182617,2,5,F
Jones Fire,2020-08-17,39.29241,-121.100352,0.0,26.6,4.1,28.16,19.3,-1.4600000381469729,7637.0,384,21.149911880493164,1,4,D
Carmel Fire,2020-08-18,36.4463,-121.68181,0.0,17.2,28.0,60.9,14.3,-1.329999923706055,5144.0,208,12.348894119262695,1,5,F
Salt Fire,2020-08-18,38.027921,-120.763258,0.0,24.2,4.4,36.95,15.1,-1.5399999618530271,3105.0,321,2.3535733222961426,1,5,E
Hensley Fire ,2020-08-30,37.08053,-119.88673,0.0,18.3,0.8,48.98,21.8,-1.9499998092651367,2300.0,131,3.944104194641113,1,4,D
Willow Fire,2020-09-09,39.3637,-121.32361,0.0,19.7,44.9,27.63,10.8,-1.770000457763672,4944.0,405,4.875598430633545,1,5,E
Snow Fire ,2020-09-17,33.88831,-116.68386,0.0,19.7,4.7,21.17,21.9,1.4599990844726562,2031.0,404,3.868663787841797,1,5,F
Glass Fire,2020-09-27,38.56295,-122.49745,0.0,13.9,17.7,46.42,18.2,-2.989999771118164,4699.0,123,15.056232452392578,1,5,F
Candy Fire,2020-09-29,33.764357,-117.374419,0.0,17.2,0.0,44.88,20.9,2.4200000762939453,2390.0,747,15.868361473083496,1,4,D
Sanderson Fire,2020-12-13,33.93244,-117.03459,0.0,23.0,24.1,24.58,11.7,0.6899995803833008,2672.0,722,12.40963649749756,1,5,E
Tenaja,2019-09-04,33.528469,-117.273157,0.0,31.1,8.6,48.92,22.3,1.4300003051757812,3833.0,550,5.2340850830078125,1,5,E
Swedes Fire,2019-09-07,39.45296,-121.412619,0.0,27.7,0.8,52.82,41.7,1.3999996185302734,3004.0,457,12.298815727233888,1,4,D
Rawson Fire,2019-10-27,40.00171,-122.25421,0.0,43.4,0.0,17.22,13.3,2.260000228881836,4629.0,99,0.0,1,4,D
46 Fire,2019-10-31,33.985972,-117.414111,0.0,26.4,1.6,6.29,17.2,1.479999542236328,2740.0,224,2.9036688804626465,1,4,D
Ranch Fire,2019-11-03,40.036379,-122.637837,0.0,7.7,0.4,36.96,14.0,0.6099996566772461,4454.0,508,10.558652877807615,1,5,E
Gillis Fire,2019-07-08,35.6311111,-120.2691666,0.0,24.2,31.1,69.95,22.3,1.670000076293945,2130.0,534,11.883977890014648,1,5,E
Lake Fire,2019-07-29,35.908333,-120.984167,0.0,27.7,8.5,56.07,27.2,1.9099998474121087,2607.0,345,4.412083148956299,1,4,D
Marsh Complex,2019-08-03,37.908362,-121.872941,0.0,13.8,8.1,56.05,29.4,2.6200008392333984,5183.0,274,23.815824508666992,1,4,D
Hunter Fire,2019-08-15,37.532028,-120.208019,0.0,10.6,0.0,44.77,26.0,2.049999237060547,2713.0,340,0.0,1,4,D
Red Bank Fire,2019-09-05,40.12,-122.64,0.0,34.4,1.6,32.36,22.6,1.4300003051757812,5471.0,529,14.500503540039062,1,5,F
Horseshoe Fire ,2019-09-14,33.4853,-117.043723,0.0,17.2,1.7,38.92,24.2,2.6000003814697266,3088.0,378,3.867166757583618,1,4,D
Baseline Fire ,2019-09-20,38.751648,-121.432636,0.0,20.8,3.6,54.54,20.7,2.440000534057617,2761.0,23,0.0,1,4,D
Easy Fire,2019-10-30,34.282179,-118.803389,0.0,53.1,4.1,14.07,17.9,-0.5299997329711914,1703.0,221,2.909707546234131,1,5,E
Hill Fire ,2019-10-31,34.01778,-117.4625,0.0,26.4,3.0,7.94,17.6,0.9499998092651368,1898.0,265,5.873778343200684,1,4,D
Foothills Fire,2019-11-25,38.838992,-121.325842,0.02,32.8,0.6,54.41,18.8,0.880000114440918,2131.0,38,1.5089977979660034,1,4,D
Creek Fire,2020-09-04,37.19147,-119.261175,0.0,24.2,23.8,38.12,22.2,-1.520000457763672,6624.0,1378,14.900134086608888,2,5,F
SCU Lightning Complex,2020-08-16,37.439437,-121.30435,0.03,34.4,15.6,33.84,25.6,-2.3500003814697266,2898.0,218,3.958749294281006,2,5,F
Irish Fire,2018-07-06,38.42623,-120.95408,0.0,10.1,20.6,34.5,25.4,-0.0399999618530273,4013.0,175,5.821194648742676,1,5,D
River Fire (Mendocino Complex),2018-07-27,39.04786,-123.11971,0.0,16.1,7.0,46.53,23.1,-1.520000457763672,3685.0,305,15.16136646270752,1,5,F
Ranch Fire (Mendocino Complex),2018-07-27,39.243283,-123.103367,0.0,28.9,0.0,35.81,29.6,-1.7899999618530271,3360.0,425,14.40274715423584,2,5,F
Woolsey Fire,2018-11-08,34.235,-118.70128,0.0,35.1,27.2,47.33,14.9,-2.380000114440918,3561.0,563,9.221169471740724,1,5,F
Camp Fire,2018-11-08,39.8134,-121.4347,0.0,28.9,9.6,20.42,10.7,-2.270000457763672,7803.0,606,23.827152252197266,1,5,F
Pawnee Fire,2018-06-23,39.0674,-122.59848,0.0,10.0,0.0,38.62,30.9,-2.109999656677246,3558.0,362,3.66247820854187,1,5,F
Hyatt Fire,2018-06-27,40.316137,-120.45053,0.0,19.7,0.0,26.12,24.2,6.510000228881836,2596.0,1248,2.601820468902588,1,4,D
Waverly Fire,2018-06-29,38.052055,-120.945482,0.0,23.9,0.0,43.05,14.7,-1.859999656677246,2595.0,80,6.56947135925293,1,5,F
County Fire,2018-06-30,38.80583,-122.18183,0.0,30.0,0.0,30.96,29.1,-3.640000343322754,3237.0,101,0.9274099469184875,1,5,F
Hill Fire,2018-11-08,34.22685,-118.93444,0.0,41.6,26.5,40.98,12.0,-2.239999771118164,3802.0,93,22.41262626647949,1,5,E
Carr Fire,2018-07-23,40.65428,-122.62357,0.0,17.2,0.0,48.42,24.6,-2.9200000762939453,7002.0,395,18.493825912475582,2,5,F
Mosquito Fire,2022-09-06,39.00591,-120.7447,0.0,18.3,0.4,17.14,24.3,-0.8999996185302734,6100.0,389,14.497328758239746,1,5,F
McKinney Fire ,2022-07-29,41.833813,-122.894782,0.0,23.0,3.2,26.57,24.1,-3.0799999237060547,6136.0,622,20.289325714111328,1,5,F
Pleasant Fire ,2022-10-23,37.38939,-118.50091,0.0,32.2,0.8,32.89,18.7,2.1299991607666016,2207.0,1341,2.510576009750366,1,2,B
Cave Fire,2019-11-25,34.5025,-119.785,0.0,31.1,4.4,53.62,14.7,-1.0699996948242188,6743.0,770,25.320213317871094,1,5,E
Agua Fire,2022-07-18,37.481701,-120.02107,0.0,6.3,0.6,35.01,22.6,-3.5799999237060547,3462.0,596,4.664824962615967,1,4,D
Caldor Fire,2021-08-14,38.586,-120.537833,0.0,16.1,21.7,29.31,23.8,-5.460000038146973,6524.0,1066,29.938650131225582,2,5,F
